id,text,label
1912639,"Es mag sein,das die Schwarzen diese Aussagen als ernidriegend und verletzen erachten. Das ändert nichts daran, das sie REALITÄT sind! Ebenso in Kongo, Tansania, Somalia, Eritrea ... Da kann man sich schon einmal auf unsere neuen Goldstücke freuen, die nach Unterzeichnung des UN Migrationspaktes in Massen kommen werden!",1.0
1916061,"Fragen uns jeden Spieltag0  ""Wie schaffen es diese  ""Chaoten"",  diese  ""hirnlosen Idioten"",  diese  ""Vollpfosten"",  wie soll man sie sonst noch benennen,  dieses  ""Zeug""  in die Stadien zu bekommen ???? -   Die kontrollierenden Verantwortlichen  schlafen, in unseren Augen, ganz ganz gewaltig,  oder  . . . . . . . . .  =  das wagen wir gar nicht auszusprechen !!!! - ",1.0
1916565,"Pardon, aber mit dem Kolben im Gesicht ""Sexiest Man Alive""?  Diese gewollte Gleichmacherei nimmt immer groteskere Züge an.",1.0
1919295,Wird es den Linksradikalen zu kalt in ihren Baumhäusern? Erbärmliches Pack!,1.0
1920655,"Solange die ideologisch verbohrten, linken, selbsternannten Guten keinen Unterschied zwischen ""Rechts"" und ""Rechtsextrem"" hinbekommen, kann man diese geistigen Minderleister nicht für voll bzw. zurechnungsfähig nehmen.",1.0
1921421,"Diese Antwort wäre für den Lumpen angemessen gewesen: ""Get the hell out of here you a...hole"". Es ist wirklich eine richtige Flegelei was sich dieser Rassist und Fremdenfeind und Politclown da mal wieder geleistet hat.",1.0
1922321,"""Ich lebe normalerweise davon, dass ich schnell denke....""  da muss der warmduscher aber schon längere zeit schlecht leben ""....dass war heute zweimal nicht der Fall, ganz schlimm..."" da soll er mal die national-spiele addieren bei dem er soviel verbockt. da kommt er auf die gleiche summe von fehlern. schlichtweg ein jammerlappen isser und schon seid jahren nicht mehr wie eine winter-hummel ! ",1.0
1922581,"Jaja.....so sind  ´se, die Weiber! Un dwenn er sie verschmäht hat, wird auch sie sich bei dieser merkwürdigen ""me too"" Bewegung anmelden, als Enttäuschung, dass er sich für sie nicht wikrlich interessiert hat. Warum denn auch?! Hat er doch die bestaussehendste First Lady, die die Welt jemals gesehen hat. Merkel? *urgs*, schon allein der ihre Fingernägel....bäääh.",1.0
1923095,"So werden unsere Steuergelder in unverantwortlicher Art und Weise ""verbraten""! Warum glauben bestimmte Politiker der Stromlobby, dass E-Busse sauber wären? Sie sind nur eins: viel zu teuer. Dabei gibt es kostengünstige UND saubere Alternativen! https://www.br.de/nachrichten/deutschland-welt/stadtwerke-augsburg-biomethan-schlaegt-elektromobilitaet,R8q8Kik?fbclid=IwAR32kMcowsJ-Z-LxVGmGCsAlgRA5P8qonQ8n0ZqthrhtQm4qFa-KLWCG8rE",1.0
1923269,Was für ein billiger kleiner Prolet. Ohne Fußball würde der bestenfalls die Straße kehren. Und damit möchte ich nichts abfälliges über Straßenkehrer sagen.,1.0
1929229,AKK hat endlich den Fehler des ATOM-Ausstiegs zugestanden ! FM ist als Lobby-Biest eh nicht wählbar. Und Jens Spahn ist einfach nur schwul,1.0
1929237,Man muss Kopftuch tragen und kein deutsch sprechen dann wird dir geholfen. ,1.0
1930557,Debile Grinser,1.0
1934787,Osteuropäische Fernfahrer sind Schuld an der afrikanischen Schweinepest? Eher handelt es sich dabei wohl um die Wegzehrung afrikanischer Flüchtlinge auf der Balkanroute.,1.0
1938685,"Na ja, Effenberg ist auch so ein selbst ernannter Experte und kann sich mit L.  Matthäus  in eine Schublade stecken. Diese hirnlosen Fußballer, unzweifelhaft am Ball stark, sollten eigentlich ihre Klappe halten; nur um im Gespräch zu bleiben  reden die Deppen doch nur öffentlich und die Presse ist auch noch froh über solchen Schwachsinn.",1.0
1941995,Wie kommt man als Mutter nur auf so dumme Namen. Da fehlt doch offensichtlich Hirn. gibt's bei ebay leider nciht zu erwerben.,1.0
1942769,weis dies linke Zecke eigentlich wovon er redet? Das bezweifele ich. Nur Demagoge.,1.0
1947119,"Die lügen alle, wenn sie nur den Mund aufmachen. Putin ist ein Dre....ack, der ist auch noch clever, Trump ist auch einer, aber unsäglich dumm und plump dabei. Wenn für die Welt nicht so viel auf dem Spiel stünde, könnte man frohlocken, dass sich die zwei Irren gefunden haben.",1.0
1947617,Sprach der Merkel Günstling und Speichellecker!  Mit AKK wird es der CDU wie der SPD ergehen. ,1.0
1947929,Der Fanatismus von Podolski für Köln ist pathologisch und grenzt an inzestuöses Verhalten eines geistig eingeschränkten Menschen. Soll er doch. Das macht doch nur die Kleingeistigkeit von ihm abermals  mehr als deutlich. ,1.0
1953509,"Die Eltern sind für mich der Abschaum der Gesellschaft - leider dürfen Ärzte und Co. denen die Behandlung nicht verweigern, ich würde die hochkant rauswerfen.",1.0
1953803,"Wieder so ein kleinkrimineller Kameltreiber aus Nordafrika, der im Namen Allahs Ungläubige dahinschlachtet. Na denn - schönes Weihnachtsfest......",1.0
1955781,"Keine allgemeinen Zuwanderer, sondern eine weitere muslimische Invasion. Man sollte schon bei der Wahrheit bleiben. Und der Bürger glaubt an das Märchen, der geringer werdenden Migration, weil immer der Maßstab von 2015/16 angewandt wird. Selig sind die Beklopten",1.0
1956139,Gut so....  Hätten in den 70ern mit den RAFlern auch passieren müssen ,1.0
1956797,"Im Moment fällt mir keine Beschreibung dieser Dumpfbacken ein, die irgendwie an Menschen erinnern soll. ",1.0
1958559,"Wie schnell sich die Kommentare zum Trumpel geändert haben. Noch vor einem Jahr wurde er hoch gepriesen, aber inzwischen haben selbst die dümmsten Menschen erkannt, dass dieser kranke Narzisst ein Verbrecher ist!",1.0
1958891,"Tja, da fragt man sich wirklich, wer der größere Drecksack dieser Beiden ist. Erdogen oder Gülen?",1.0
1959845,"Offensichtlich hat Trump sich auf die Fahnen geschrieben, während seiner Amtszeit so viel wie möglich zu zerstören, was andere mit Entbehrungen aufgebaut haben. Ein alter Mann mit dem Hirn eines 14jährigen unter seinem Hamsterfell, der dümmste Präsident den die USA bis heute hervorgebracht hat.",1.0
1960439,Moscheen sind Brutstätten des islamistischen Terrors (Thilo Sarrazin).,1.0
1962221,Wir brauchen dringen Arbeitssklaven aus Afrika die Syrer und Iraker und Afghanen können wir nicht brauchen !,1.0
1964343,"Nichts, worauf Kallstadt und Deutschland sich freuen sollten. Muss man wert darauf legen, Vorfahre eines solchen Dummkopfs zu sein?",1.0
1966647,Dieser Mann ist nur dumm und krank!,1.0
1967699,"Das ist eine eindeutige Kriegserklärung an Europa. Wir sollten entsprechend reagieren. Vor allem müssen wir uns Gedanken machen ob es unter diesen Umständen nicht besser wäre alle Türkischstämmigen in ihre Heimat, die Türkei, zurück zu schicken. Wir brauchen keine 5. Kolonne in Deutschland. Es wird Zeit der Realität ins Auge zu schauen.",1.0
1967707,"Für Größenwahnsinnige gibt es das Fletcher´s memorial. Aber da Sie viele ""Gläubige"" ( Fanatiker, Patrioten, Unbedarfte/Deppen, Gefolge, Opportunisten) haben - schlage ich mal die gesamte Sahara als Naturschutzgebiet für diese ""menschenähnliche"" (welche aber nicht so handelt) Existenzen vor. Trump, Putin, Maduro, Orban u.v.a. passen da auch rein! Donald kann die Aufsicht für den Bau eines Doms übernehmen!",1.0
1968085,"Das ist doch nur eine hysterisch-neurotische Nebelkerzenaktion um den deutschen Michel ruhig zu halten. Merkt ihr eigentlich noch nicht,daß ihr jeden Tag aufs Neue eine Glattrasur bekommt?? Es ist unfassbar was in diesem Land abgeht. Als ob sich die Muslime von den Christenhunden was sagen lassen würden ",1.0
1972893,"Anstatt über das eigentlich Problem, nämlich prügelnde Asylbewerber zu sprechen, macht man nun wieder eine neue Diskussion auf...natürlich gehen Bürgerwehren nicht, aber wenn der Rechtstaat versagt und einfach nicht in der Lage ist seine Bürger zu schützen und Verfehlungen zu sanktionieren, dann hilft sich der Bürger eben selbst. Eine natürliche Konsequenz! ",1.0
1973049,"Vergleich mit GoT passt irgendwie, da ein Land voller Schauspieler, Oberflächlichkeiten sowie begrenztem Bildungsniveau, das einen solchen Volltrottel und Selbstdarsteller wählt.",1.0
1973611,"Ach der Kubicki schon wieder. Wir müssen in Deutschland keine Ausländer mit Streetworkern sozialisieren. Das ist Sache der Herkunftsländer. So oder so halte ich Sozialisierungsverscuhe ab einem gewissen Alter für sinnlos. Und ioch schreiben ganz bewußt von ""Sozialisierung"" und nicht von ""Resozialisierung"". Denn m.E. waren die nie sozialisiert. Die waren schon immer asozial!",1.0
1974361,"oder aber Mutterficker, was es auch nicht besser macht!",1.0
1977733,"Deutschland schläft: Überwachen, ggf. schiessen und notfalls abreissen. In Deutschland findet zur Zeit eine arabisch-/türkisch-muslimische Invasion statt. D+EU sollen muslimische übernommen werden. Wann merkt Ihr das endlich. Hauptsache AfD überwachen - Ihr seid auf dem falschen Weg und werdet es merken - wenn es schon zu spät ist. Grüße aus Belgien",1.0
1982845,Prinz Eisenherz muss weg - schnell - jetzt! Mit soviel Arbeitgebern würde der bei mir nichtmals als Putzfrau jobben dürfen.  Knackies in der Führungsetage der Fortuna.  Wer hätte das jeh gedacht? ,1.0
1983313,Robert Schäfer: Der Trottel aus Düsseldorf,1.0
1985099,https://www.instagram.com/sadam.one  ,1.0
1986745,"""Gegen den 50-jährigen Deutsch-Afghanen Abdul Hamid S. ""  da Wunderts noch einen? daran dieht man schon wie es um Deutschland steht.",1.0
1986819,"Bodensee  Eins muss man dir lassen, du gehörst nicht zu den hellsten Schwaben die ich kenne. Zwei Informationen kannst du meinem letzten Beitrag entnehmen. Eine ist, dass ich mich mit den Ureinwohnern in Obersschwaben bestens auskenne, bis hin zum Dialekt.  Die andere, dass ich mit dem Ball mehr kann als du dachtest. Nach meiner aktiven Zeit habe ich auch Landesliga trainiert., solange mein Beruf es zugelassen hat.",1.0
1987879,Die beiden größten Schweine (Bildmitte oben) haben diesen Vorfall offenbar überlebt.,1.0
1988753,"Vielleicht hat der ""Große Bruder"" ja eine andere Möglichkeit gefunden günstiger an afghanisches Opium zu kommen. Eines steht jedenfalls fest, die Russen waren wesentlich schlauer, sind abgezogen und haben zugeschaut, wie sich die Mohamedaner selbst zerfleischen, beispielhaft. ",1.0
1991015,"Schau an - es ist Wochenende,  und ein gefrustetes Pickelgesicht muss widerwillig Dienst schieben.  Da versucht man gerne mal,  seine ""Macht "" an den Leserkommentaren zu demonstrieren.  Das muss ja unheimlich viel Spaß machen. Empfindet zumindest das komplexbeladene Pickelgesicht.   Na,  dann wollen wir ihm mal ein schönes Wochenende wünschen. ",1.0
1991407,"In Deutschland gehören klirrend kalte Winter der Vergangenheit an: „Winter mit starkem Frost und viel Schnee wie noch vor zwanzig Jahren wird es in unseren Breiten nicht mehr geben“, sagte der wegen es Klimawandels geistig schwer erkrankte Wissenschaftler Mojib Latif vom Hamburger Max-Planck-Institut für Meteorologie im April 2000 ………..bei dem grünlinken SPON.",1.0
1993097,Wenn das der Fahrsicherheitstrainer des tollen ADAC ist dann gute Nacht Automobilclub. Scheinbar arbeiten da jetzt nur noch Deppen. Fahren im Winter auf schneebedeckten Strassen muss man einfach üben. An sich ganz einfach. Geht sehr gut auch hier im Allgäu mit meinem Golf 1 mit Ganzjahresreifen und ohne Elektronikmist wie ABS ASR etc. Man muss es halt nur können. Wenn man zu blöd zum autofahren ist helfen auch elektronische Systeme nicht weiter. ,1.0
1997035,ich finde mann darf denn Stand ort nicht wechseln Düsseldorf ist bekannt geworden durch Löwensenf.Ich vermarkte selber Löwensenf International hier bei Ebay erstmalig International Löwensef zu bestellen >>>https://www.ebay.de/itm/323664656656 ,1.0
1999217,"Eine gute Bestätigung, dass man als blondes, gutausehendes Mädel nicht viel Hirn braucht um weiterzukommen... ",1.0
1999529,Man trägt auf der Straße keine Kippa. Sowas machen nur Goyim.,1.0
2000807,life hack.   https://www.amazon.de/ST%C3%9CCK-LEITKEGEL-WEISS-KEGEL-WARNKEGEL/dp/B00IJA03D2/ref=sr_1_1?ie=UTF8&qid=1548752441&sr=8-1&keywords=warnpylone     ,1.0
2004031,"Asozialer Hundebesitzer. Besserwisser. Arrogant. Ignorant. Feige. Geschlecht egal.  Dem Hund selbst kann man natürlich keinen Vorwurf machen. So ne Hundebirne ist klein mit nur wenig Platz für Hirn. Und ich mag Hunde.  Die armen Kängurus. Sehr, sehr traurig.",1.0
2004173,"Den Juden zu hätscheln und zu tätscheln bedeutet „Frieden für Europa, Israel und die ganze Welt“. Jude hier, Nazi da, Post aus dem Ghetto. Die Judenfrage – das Eichmaß der „anständigen Menschen“.",1.0
2005755,Will uns dieser SPD-Clown jetzt in der ganzen Welt lächerlich machen ? Er sollte sich mal die Fakten zu Gemüte führen. Weltweit werden zur Zeit über 1000 Kohlekraftwerke geplant bzw. gebaut. Die ganze Welt lacht über Deutschland !,1.0
2008497,"Mit Verlaub, aber ich denke das diese Frau ein Fall für die ""Klaps"" ist!  Die anderen Hambis jedoch auch!",1.0
2010767,Der dame hat jemand ins gehirn g............ Mehr kann man dazu nicht bemerken.,1.0
2013049,"H.P. Feldmann:  immer überall mitmischen, viel Kritik ausüben, aber nie Verantwortung übernehmen,  etwas durchsetzen oder erreicht haben. Eine der grössten Heissluftpumpen die ich als Hochwasser Betroffener je erlebt habe.",1.0
2013131,"Wieder mal ein Beweis dafür, dass Türken in ihrer eigenen Welt leben. Schlimm genug, dass dieser Integrationsbeauftragte von unseren Steuergeldern bezahlt wird.",1.0
2016749,Einfach zu viel Fett im Gehirn.,1.0
2021273,Der Mann gehört einfach nur ins Irrenhaus. Jeder andere wäre schon lange weg gesperrt.,1.0
2025961,Bitte schließen Sie die Kommentarfunktion.,1.0
2030201,"Diese seltsame Stelter-Art von Humor macht Männer ungefähr so attraktiv wie intensiver Mundgeruch. Besser, man hält gegenüber solchen alten Säcken, die sich auch noch selbst ganz lustig, toll und unwiderstehlich finden, mindestens fünf Armlängen Abstand.",1.0
2030203,"Macht nix. Die AfD kann man auch anders betiteln, z.B. politischer Durchfall.",1.0
2035683,"Wo kommt das dreckstueck her?  Welche Beeintraechtigungen hatte die denn, wenn sie es bis nach DE geschafft hat. Totschlag? Der Anwalt hat doch bestimmt auf Freispruch plaediert? Wo ist DE seit 2015 hingeraten.",1.0
2037627,Es gibt schon genug Behinderte die wählen dürfen !,1.0
2039213,"Was bringt uns eine Frauenquote? Noch mehr Frauen vom Stile Göring- Eckehardt, Merkel, C. Roth oder gar Nahles? Hat man nicht schon genug Elend in das Bundesparlament gebracht? Ich zitire die ""Kontra-Fraktion"" im Artikel: ""Drittens: Frauenquoten sorgen nicht für bessere Politik, dafür sorgen Politiker, die ihren Verfassungsauftrag ernst nehmen – „Vertreter des ganzen Volkes“ zu sein"". Dies ist momentan im deutschen Bundestag nicht zu beobachten.",1.0
2039277,"Den größten Schaden Deutschland und Europa nach 1933 haben deutsche Politikerinnen zugefügt. Irreparablen. Meine Meinung nach, sollten für kommende 100 Jahre Frauen aus der deutschen Politik ausgeschlossen werden. Meine Meinung liebe Journallie.",1.0
2043887,"Mich würde interessieren, wer die Rechnung für des Verfahrens zahlt. Ich bin fast sicher, der Kamelhirte aus Somalia ist nicht alleine auf diese Idee gekommen. ",1.0
2045167,Möge diesen Missgeburten der Sack ab fallen! Arschlöcher!,1.0
2048409,Wir sollten in der Stadt nur noch Esels Karren zulassen und die (Pferde) Esels Äpfel zum Biologischen Düngen brauchen. Die neuen Bürger aus Syrien können die Esels Karren führen.,1.0
2050117,Ein Kniefall vor den Muslimen ist meines Erachtens aufgrund der fast täglichen muslimischen Gräueltaten nicht notwendig gewesen.,1.0
2052243,"Sorry, aber auch ich gehöre zu jenen, die von den Forderungen unserer Politiker überfordert sind. Meine Anpassungsfähigkeit ist beschränkt. Vielleicht gelingt es mir, unter der Drohung von Geldstrafen und Gefängnis  einen  Schwarzen in der Nationalmannschaft als Deutschen zu bezeichnen.  Anders schaffe ich es nicht. ",1.0
2056381,"Ehrlich? Solange sich solche ""Bekloppten"" untereinander verwichsen, soll es mir recht sein! Wenn's geht, das naechste mal bitte jedoch in einem eingezaeunten Bereich! ",1.0
2058787,"Wenn die Türken feiern wollen, soll sie doch nach Anatolien fahren! Da sind sie dann unter gleichgesinnten und in der Nähe ihrer Gottheit Erdogan!!!",1.0
2059965,"Da kann  Amnesty International bis zum St. Nimmerleinstag  appellieren, diese streng gläubigen muslimischen Herrscher scheren sich einen Dreck darum. Die Geschäfte laufen weiter, deren Welt ist somit in Ordnung. Und wenn man bedenkt, dass weit über 50% der hier lebenden Türken/Türkinnen die Scharia über das deutsche Grundgesetz stellt, kann es nicht verwundern, dass immer mehr Deutsche genug haben von genau solchen Mitbürgern.",1.0
2063519,"Steuern sind Raub - Räuber gehören weggesperrt! Ich finde, man sollte alle Steuereintreiber behandeln wie Vergewaltiger oder Kinderficker - sie nehmen sich einfach etwas, ohne zu fragen.",1.0
2063523,"Hat der eine Untergebene geheiratet? Pfui. Genau das ist es doch, was man bei den Kinderfickern so verabscheut: Die Ausnutzung des Abhängigkeitsverhältnisses.",1.0
2063537,"Leider sind die Frauen in der Arbeitswelt oft nicht so produktiv. Viele Frauen gehen ja auch mehr Arbeiten, um mit ihrem Geschwätz die Anderen von der Arbeit abzuhalten.  ",1.0
2063591,"Tja, da weiß man, wie die Intelligenz der Mehrheit der Türken einzuschätzen ist.",1.0
2064669,"Ein geldgieriger, charakterloser Opportunist. Mesut Özil dürfte sich bestätigt fühlen.",1.0
2073167,"In Zeiten von 3. Toilette darf natürlich auch der ""Mohr"" nicht zu kurz kommen. Ist die Mehrzahl von Mohr eigentlich Möhren? Wenn nicht, gibt es eben Mohrensalat. ",1.0
2074899,"Es ist doch kein Geheimnis, welcher Kulturkreis die Taxibranche beherrscht. Was kann da schon politives rauskommen.",1.0
2077471,"Letzten Freitag bekam ich $ 28755, weil ich arbeitslos bin. Ich möchte unsere Studie behalten. Ich habe letzte Woche hart gearbeitet und $ 19500 verdient Studieren Sie diese Website, um zusätzliche Fakten zu erhalten .. --->> Kasse9.com ",1.0
2077477,"Letzten Freitag bekam ich $ 28755, weil ich arbeitslos bin. Ich möchte unsere Studie behalten. Ich habe letzte Woche hart gearbeitet und $ 19500 verdient Studieren Sie diese Website, um zusätzliche Fakten zu erhalten .. --->> Payearn.ga ",1.0
2077829,"Das fehlt noch, eine Frau als DfB Präsidentin. Was das bringt, sehen wir ja gerade an unserer Regierungschefin, die ein Land gespaltet hat. Wie sagte einst Paul Breitner, Frauenfußball ist unästhetisch. Recht hat er. Im Weltfußball nie angekommen,  geschweige bei der Fifa und Uefa. ",1.0
2078163,"glaub das war das Sub. Richtig so, der Laden läuft klar auch ohne diesen Deppen ;)",1.0
2080101,Was für ein Idiot!,1.0
2085475,"Geht es noch anti-demokratischer als die Gewaltenteilung aufzuheben und Presse wie Justiz gleichzuschalten sowie seine Arbeiter in die Sklaverei an internationale Konzerne zu verkaufen? Wohl kaum!  ...Aber gut das dieser demokratisch umnachtete Tattergreis auf dem Foto keine relevante Rolle in unserer Politik spielt... ...uh oh, wir sind so am Arsch! ",1.0
2092923,Zurück in die Türkei die ganze Sippe und schluss. Dortige Polizei weiss wie man solches Pack behandeln muss.,1.0
2093807,Hallo Carlo-  Kaufen sie sich ein Strick.,1.0
2095057,Unser Herr Scheuer ist bescheuert und auch die Grünen Träumer die glauben das der Autoverkehr dann abnimmt. Die E-Scooter werden zu mehr Unfällen führen es gibt genug andere Möglichkeiten sich zu bewegen. Es gibt genug fette Kinder. Haben wieder Lobbyisten der CSU gespendet.,1.0
2095369,"Kevin Kühnert:  Da greife ich mir an den Arsch, weil der Kopf mir dafür zu schade ist. ",1.0
2097825, Ich lass mir doch von einem  schwulen Call Dispatcher n vorschreiben wie groß mein Darkroom sein darf. ,1.0
2102171,potthässlich,1.0
2106379,Man  sollte dieses nicht integrierbare Kopftuchgeschwader sofort zurück schicken nach Ost Anatolien.,1.0
2106685,"Nun ist es gut. Muss aus jeder Mücke ein Elefant gemacht werden? Könnte die Seite sprengend ausfüllen, mit welchem Benehmen sich auch Mitmenschen aus der Gruppe der Kopftuch tragenden Dame in der Öffentlichkeit ""outen"". Die Angefaßte, die leichtfertig Steuergelder verschwenden will, passt gut zur kämpferischen Frau Schwarzer. Für mich erkenntlich sind zwei gleichermaßen aufmüpfige Frauen. Diese Gemeinsamkeit zeigt auf: Frau bleibt Frau! ",1.0
2107021,pressebekannt hingegen ist : gewisse grüne fickten im übrigern ihre kinder nach dem familienmotto der frühen 80er . so schaffen dumme  und geisteskranke ihr eigenes reich .  ich muss kotzen . ,1.0
2107147,NULL TOLERANZ  Also Abschieben das Kurdengesindel,1.0
2107437,Die Kopftuch-Mullahs sollen sich in ihr Heimatland ver******,1.0
2111671,"Ah, also gibt es keine Probleme mit Migranten und und ist das eigentlich ein deutsches Problem! ;)Und ich dachte schon..das seien kriminelle Libanesen oder eigtl. Türken die über den Libanon eingereist sind!?   Erkenntnisse aus der Parallelgesellschaft und passendes für die Statistik! ",1.0
2112447,"Muslime sind die neuen Juden - zumindest in Östereich. Nerven, Gängeln, Diskriminieren; ...und UK läuft das unter dem Namen ""hostile environment"". Komischerweise regt sich keine auf, wenn mal jemand eine Kippa in der Schule trägt, oder Opas Waffenrock; man müßte mal ein Experiment mit einen Mädchen im Habit machen, oder einem Jungen in orthodoxer Tracht. ",1.0
2112805,"""Der Adler fliegt alleine Der Raabe scharenweise Gesellschaft braucht der Narr und Einsamkeit der Weise""  oder ""ein Mensch ist in dem Maße gesellig wie er geistig arm ist,und die geselligsten aller Menschen sollen die Neger sein""  ",1.0
2116287,Frau Bahlsen hat wohl zu viele Kekse im Herrn aber zu wenig graue Zellen!,1.0
2118079,"Wird bewusst weggelassen, dass es sich um den Clan einer Ethnie handelt, die durch Betteln, Klaukids & Co bekannt ist ?",1.0
2120391,"Um den Antisemitismus zu bekämpfen gehört es weniger einer Beauftragen, sondern eher ein ""Importstopp"" von Zuwandern, die zum Teil, einen ihnen ""ins Blut gelegten"" Antisemitismus mit in unser Land bringen. Ein großer Teil dieser Menschen ist damit aufgewachsen. Zur Person selbst: Wie kann ein Mensch, neben einer hohen Anzahl von weiteren ""Posten"", so eine Aufgabe adäquat erfüllen? Kann sie dieser überhaupt gerecht werden?",1.0
2124579,"Es gibt offensichtlich zu viele Rumänen in Deutschland, dass sie nicht einmal alle wählen können.",1.0
2125287,So sehen schnöde Populistenfratzen aus: Annalena Baerbock und Robert Habeck.,1.0
2125445,Der Beste Weg um Gesund und Fit zu bleiben! Ichspreche aus eigener Erfahrung! Hier der Link: https://www.digistore24.com/redir/23599/MaceTheChilli17/,1.0
2130853,"Der Lauterbach dreht auch frei:""Frauenfeindlichkeit!"" Die Nahles ist einfach eine doofe Nuss, die die Partei blamiert hat, wenn sie nur den Mund aufmachte. Da sieht man wohin es führt, wenn man Quote über Qualifikation stellt (gilt für die anderen Parteien übrigens genauso ).",1.0
2134399,"Wie bekloppt müssen wir Deutschen noch werden, um zu begreifen, dass uns diese Asylanten verarsch...... Es muss endlich Schluss seinen mit diesem Nachsicht gegenüber der sogenannten Asylanten!!!! ",1.0
2142483,"Was soll wieder so ein Schwachsinnskomentar Divus?  Rede nicht von WIR wenn Sie über Borussia schreiben. Sie sind kein Borusse, Sie waren auch nie einer.  Oder meinen Sie sich und Ihre zig Nicknamen? Wann entfernt die RPO endlich Sie Idioten?",1.0
2144211,"Ganz schön sexy, die Annalena.   ",1.0
2148277,Migranten sind grundsätzlich ein Problem. Dank Frau Merkel haben wir besonders viele Probleme.,1.0
2148953,Waren die Beamten der Polizei weiblich?,1.0
2155313,"""Schicksal bewegt ganz Deutschland""? Lächerlich. Er schafft es, die durch seine  eigene Blödheit und die seines Vaters (welcher normale Vater würde mit einem Auto auf seinen Sohn zubrettern?) provozierte Tragödie geschickt zu vermarkten. Schicksal? Schicksal ist Krebs, Schicksal ist wenn mir ein Bus die Vorfahrt nimmt. Was seine Familie veranstaltet hat war nichts weiter als Publicity-Geilheit die dumm geendet hat.",1.0
2156293,"Ein wirklicher guter Spieler wird Neuhaus erst dann sein, wenn er nicht mehr wie ein Mädchen spielt. Das sieht man leider von ihm auch zur Zeit bei der U21 EM.   Aber wenn es bei den Herren in der Bundesliga nicht klappt, kann er immer noch in Borussias Frauenteam in der 2. Liga spielen. Im Frauenfußball fällt er nicht unangenehm auf. Da sehen die meisten Spielerinnen aus wie Männer.",1.0
2157185,"Diese ganzen arabischen Macho-Spacken ohne Erziehung und Eingliederung sollte man jeglichen Eintritt in öffentliche Einrichtungen verbieten. Nur so kann man sich unbehelligt im Freien bewegen.  Und jedem, der jetzt seinen gegenteiligen Senf dazu gibt wünsche ich persönlich am eigenen Leib diese Freibad-Situation....bitte ihren Töchter in den Bauch hauen und selber eins auf die 12 bekommen!  Arabisch!",1.0
2157217,**Sie hatten wohl kurze dunkle Haare** lass uns das kind beim namen nennen es waren Renitente Araber oder türken die wieder mal als gemenschaft agiert haben und einen hart arbeiten bürger unserer Republik attackiert haben und ein kind misshandelt haben! Alle in einen Sack stecken und ordentlich draufkloppen - man trifft kein falschen bzw. nur den richtigen! Reden alleine reicht nicht mehr!,1.0
2160029,„Kamelartige Fähigkeiten“   Das Kamel Merkel hat das Zeug zum Mythos. Ein wunderbares Bild.,1.0
2160635,"Mir schmeckt das Bier von dieser Schwulette ohnehin nicht, trotzdem soll er gern weiter sexistische Werbung machen. ",1.0
2161769,"Ich habe nichts gegen dumme Menschen, aber sie sollten in diesem Land keine Verantwortung tragen dürfen. Ein hübsches Gesicht und eine akzeptable Oberweite-Mehr fällt mir zu Frau  Baerbock nicht ein. ",1.0
2162397,Haben Blödermann und Heuller-Einlauf eine Terrasse?  ,1.0
2163511,IHR WALFÄNGER IHR SEID DIE HURENSÖHNE DER MEERE POSEIDON WIRD EUCH FÜRCHTERLICH STRAFEN.  ER WIRD EUCH EINE MONSTERWELLE NACH DER ANDEREN SCHICKEN.  AUCH IHR WERDET LERNEN ;DASS BETEN VOR DEM FRESSEN KOMMT  I,1.0
2165413,"Coole Sache...und viel billiger als ""Nachwuchs aus Syrien, Afganistan oder Nord-Afrika""!!!!!!!",1.0
2165923,Nur noch geistig Behinderte auf diesen Dingern unterwegs ,1.0
2166135,"Nordafrikaner, Araber und Iraner? Deshalb wird ein Freibad in Düsseldorf geschlossen? Die Polizei sind Weicheier. Wegen Beamtenbeleidigung werden zwei Namen aufgenommen??  Was muss noch alles passieren, dass man feststellt, dieser Personenkreis gehört nicht nach Deutschland und muss mit konsequenter Härte angefasst werden. Leider sind die Richter wieder der Schwachpunkt.  Wem haben wir alles zu verdanken? ",1.0
2168097,"Tante von der Leyen hat im Verteidigungsministerium ihre kompetenzlise Unfähigkeit bewiesen,zudem auch noch im Skandale verwickelt,Frau ,wer was das noch,ach ja Lagarde oder so ähnlich,folgte doch DSK nach,und will das Bargeld abschaffen,und uns so weiter entmündigen.  Geht's noch??? Haben die bei der EU jetzt alle ""Rücken"" wie Juncker und zuviel gesoffen und gekifft???",1.0
2168657,Politiker sind alles Abschaum,1.0
2170789,"Deutschland wird nicht ""bunter""..Deutschland wird ""schwärzer""! Auf allen sogennanten ""Rettungsschiffen"" ( ich nenne sie ""Schlepperhilfsboote"", wire immer zu mindestens 90% scwarze M Ä N N E R! Deutschland schaft sich ab! Beim Seehofer hilft nur der Satz ..""herr vergib ihm, denn er weiss nicht was er tut! Oder weiss er es doch, und es steckt ein ganz perfieder Plan dahinter?",1.0
2171565,Türkische kriminelle Migrationsverweigerer Greta-Virus Hype Kriminelle-Kapitänin Rackete Debile Selbstdarsteller  wie Jan Böhmermann und Heuffer-Umlauf  Wunderbare Wahlwerbung für die Alternative. ,1.0
2172023,"Die Türken gehören abgeschoben. Der Islam ist in seiner jetzigen Form kein Teil von Deutschland. Solange uns dies die Politiker glauben machen wollen, wird sich nichts ändern.",1.0
2172355,"Warum feiern diese Personen denn nicht in ihrem Paradiesland Türkei, wo Milch und Honig fließen...",1.0
2172811,"Besuchen Sie http://SpFling.com - eine großartige Dating-Website für Erwachsene mit intelligentem Suchsystem, um einen Partner zu finden, der Sex hat",1.0
2175747,"Fahren Darüber wird berichtet als wenn es besonders schlimm wäre. Wenn aber dieses Pack von Flüchtlingen oder Asylanten Frauen vergewaltigen oder Randale in Schwimmbädern oder die Autobahn sperren, passiert gar nichts! Wo müssen wir uns bedanken? Ich denke bei Grüne und Merkel.  ",1.0
2177253,"Hahahaha...  sehr witzig Frau Rackete..., bei so viel Größenwahn sollten Sie sich sofort in eine therapeutische Behandlung begeben. Mit einer vernünftigen Einstellung der dementsprechenden Medikamente sollten Sie in Bälde wieder auf festem Boden ankommen.",1.0
2178573,"ja nee, is klar ..da wollte mal jemand den alten Saftladen durchlüften, doch fühlten sich die alten Saftsäcke in ihre Ruhe gestört!!!! (und unsere Gewerkschaften???? )da krieg ich erhöhten Kackreiz!!!!!",1.0
2179993,"Die Amerikaner sollten überprüfen, ob der Mann nicht dringend Hilfe von einem Psychologen in Anspruch nehmen muß. Hier scheint eine Form von Schwachsinn vorhanden zu sein.",1.0
2183293,"KÖNNEN sehen oder MÜSSEN sehen???? MÜSSEN dafür bezahlen, was bei Eurosport kostenlos war? Tennisfans MÜSSEN jetzt DAZN abonnieren?? Was ist das wieder für einen Schei...????",1.0
2185981,noch Fragen?  https://rp-online.de/nrw/panorama/voerde-frau-vor-zug-gestossen-haftbefehl-wegen-mord-erlassen_aid-44250271 https://rp-online.de/nrw/panorama/bochum-33-jaehriger-nach-messerstecherei-in-lebensgefahr_aid-44248403 https://rp-online.de/nrw/staedte/langenfeld/monheim-bei-einer-auseinandersetzung-auf-der-mittelstrasse-wird-ein-36-jaehriger-toedlich-verletzt_aid-44254319 ,1.0
2188709,"Was für ein Unsinnskommentar! Zusammengefaßt :  Die Vereidigung einer Ministerin ist wichtiger als das Überleben der Menschheit. Welch eine Farce gegen Nachhaltigkeit und Umwelt. Denn, was hätte dagegen gesprochen, wenn vdL bis nach der Sommerpause amtiert hätte? Nichts!   Wir werden von daherschwätzenden Volldeppen regiert und die Medien spenden Applaus. Bravo! ",1.0
2190119,"Mit solchen Vollpfosten kann man nicht arbeiten! Aber der wird sich mit seinem Schwachsinn, den er verbreitet, selbst von der politischen Bühne schießen, denn selbst der dümmste britische Parlamentarier wird ihm nicht  folgen, wenn er auf Teufel komm raus die EU verlassen wird!",1.0
2191163,Es ist eine Schande wie sich unseren sogenannten Gäste benehmen! Und belangen dürfen sie wir auch nicht. Meine Familie in Monheim meidet das hiesige Schwimmbad weil hier unsere Gäste in Burkas und normaler Strassenkleidung rumschwimmen weil zu faul zu hause zu waschen!!!,1.0
2191271,"So eine Mauer. die uns vor illegallen ""Gästen"" schütz, bräuchten wir auch! Siehe hier die ganzen meldungen über Schwimmbadterroristen!",1.0
2192097,"Trump ist ein widerliches, von Unberechenbarkeit ,Bösartigkeit und krimineller Energie befallenes Subjekt!!!",1.0
2192521,"Ach KlimaLeugner, da haben Leute, die deine nicht existierenden Mitarbeiter vielleicht angehen würden, aber Glück, dass sie nicht mit deiner Weichbirne beschmiert werden.",1.0
2194043,Deutschland leidet am gewollten Parasitenbefall. ,1.0
2194591,"„Besser ein paar Ratten in der Nachbarschaft, als eine zu sein“.  Mit Verlaub, es ist eine Beleidigung für alle Ratten, dieses widerliche A....loch so zu bezeichnen!!!",1.0
2197785,"Bei keiner der Tötungsdelikte bzw. versuchten Tötungsdelikten in Düsseldorf und einem z.B. Umkreis von 50 Kilometern ist mir bekannt, dass ein Deutscher einen Migranten/Flüchtling derart drangsaliert hätte. Umgekehrt sieht es da komplett anders aus. Man lese nur die RPO, WAZ,NRZ,Express o. Kölner Stadtanzeiger.   Bei den mutmaßlichen Tätern handelt es sich meist um Maghreb-Jünger, Afghanen u. Syrern. Also allesamt Muslime, die aus archaischen u. patriarchalischen Kulturen entstammen.  ",1.0
2199339,"Dass Afrikaner gerne schnackseln, wissen wir nicht nur von Prinzessin Gloria (von Thurn und Taxis), sondern können es auch an der ungeheueren Bevölkerungsexplosion in Afrika ablesen... Wenn mehr Helligkeit in den Abendstunden dazu beitragen könnte, das Bevölkerungswachstum in Afrika zu bremsen, müssten zukünftige Generationen Herrn Tönnies für seine Überlegungen sogar dankbar sein...",1.0
2199497,"Und wenn man keine Ahnung hat (und im sicheren Elfenbeinturm wohnt, wo die Probleme der normalen Leute nicht ankommen) kann man einfach mal die Fresse halten....",1.0
2201961,"Alles besser als das braune Gesindel von den ""Affen für Dumpfbacken"".",1.0
2206475,cheers!   Den Gin gibt's auf: https://fleuthgin.de/ :) ,1.0
2206903,Wäre mal angebracht die Göre auf ihren Geisteszustand untersuchen zu lassen und ab sofort ein Weltweites Auftritt Verbot. Jeder normale Teenager wäre schon längst eingewiesen worden.,1.0
2207435,Oha... Journalismus auf sehr hohem Niveau !! Meine Gratulation !!  Jetzt mal im ernst... Banaler gehts wohl nicht mehr !!  Ach übrigens... Düsseldorf- bedeckter Himmel.. war gerade 20 Minuten auf der Toilette.... Kacken !! Wenn´s interessiert ?? - Nen zwanzigzeiler muss die Aussage aber mindestens wert sein... oder !!?? ,1.0
2211797,Hier ist ein Buch für richtige Camper ;) Mir gefällt es sehr gut. Hier ist der Link: http://bit.ly/2KMln5e,1.0
2217223,"Wie es dazu kommen konnte? Luke M war doch schon immer ein Riesenarschloch, der seine Witze weit unterhalb der Gürtellinie platziert hat. Deshalb zappe ich ihn grundsätzlich weg. Nur scheint dss beim ZDF nicht angekommen zu sein. Unprofessionell. Solche Menschen sollte man den Zugang zu Medien und dann auch noch grgen Gage gar nicht mehr ermöglichen. Rauswerfen und Blocken",1.0
2217289,Jagd den Geisel aus der Stadt! ,1.0
2217435,"Und Führer Geisel fährt mit einem Speedboot über den Rhein, das im Schnitt den achtfachen CO2-Ausstoss pro km und Fahrgast hat.   Chapeau. Wasser predigen und Wein saufen, so sind sie unsere linksgrünen Ökofaschisten.",1.0
2218335,"Ja, die Rückkehr des Burggrabens gegen den Pöbel! Daß ich das noch erleben darf. Kann man dann bald auch die hohen Herrschaften im Abtritt in den Graben kacken sehen, wie zu unserer Altvorderen Zeiten? ",1.0
2223827,Ein antisemitischer Vaterlandsverräter.,1.0
2223949,"Ja,dann soll die Selecao das mal alles schön selbst regeln,Mr. Bolzonaro will das ja so. Und Frau Merkel:was dieses Thema betrifft,einfach mal ihre Klappe halten,ist nicht ihre Baustelle!!!",1.0
2224149,"Schade das die Sachsen und die Sachsen-Anhalter es nicht lernen, gegen ihre braune Brühe vorzugehen. Wenn man Bilder von diesen Typen im TV sieht, muß man sich ja schämen was für Dumpfbacken, Nichtsnutze und meist noch Fettsäcke diese sind.Dabei sind diese noch zu jung, meist arbeitslos weil faul und teilweise dumm, um sich ein Urteil zu bilden und von ihren Eltern haben die auch nichts mitgekriegt. Und die Landesregierungen, was tun die, nichts, nur labern.",1.0
2225179,"Mich wundert ja immer wieder, dass Menschen so bescheuert sind und für so eine ungesunde Sache so viel Geld ausgeben. Was sind das für Missgeburten deren Hirn sowas benötigt?",1.0
2230747,"""Fußball Fans""?!? Hirnlose Arschlöcher. Sollte man die erwischen, könnte ich mir gut vorstellen, die genauso ""anzumalen"".",1.0
2231593,"In der Sache hat Hugh Grant vollkommen recht. Die Wortwahl allerdings hätte seriöser sein können. Aber vielleicht versteht der großmäulige Polit-Hallodri Johnson nur so, was er seinem Volk mit seinem narzisstischen Ego-Trip antut. Die Briten sollten diesen Mann per demokratischer Wahl schnellstens in der Versenkung verschwinden lassen.",1.0
2238861,"Merkel erfindet einen neuen Namen für dieMittelbesorgung zur  Versorgung illegal in's Land eingereister arbeitsunfähiger Analphabeten. Dass ihr diese schlaue Idee bei ihrem Zustand eingefallen ist,  löste bei ihr eine emotionale Aufwallung aus. Ob echt oder professionell geübt weiß nur sie. ",1.0
2239477,verpiss dich du armseliger dreckstroll!,1.0
2243095,"""NACH RECHTSGUTACHTEN NICHT LÄNGER ZÖGERN Kopftuchverbot für junge Mädchen endlich verwirklichen"" https://www.tichyseinblick.de/kolumnen/ismail-tipi-klartext/kopftuchverbot-fuer-junge-maedchen-endlich-verwirklichen/",1.0
2243521,Die passende Antwort auf diese Idioten kann nur die Mannschaft von Gladbach geben. ,1.0
2243553,Dumm Dummer Polizei,1.0
2243671,"Die Migranten werden nicht aus Seenot gerettet, sondern abgeholt. Andere warten stundenlang auf ihren Zug, dort wartet man tagelang auf die Weiterfahrt ins gelobte Land. Bei beiden ist sicher, man wird abgeholt. Bis die Bahnhöfe schliessen. Schön wärs.",1.0
2248773,"Bei Vokabel wie: „Drecks Fotze“,  „Schlampe“,  „Stück Scheiße“ fallen mir eher Namen wie Weidel, v.Storch und v. Sayn-Wittgenstein ein. Das wird man ja wohl noch sagen dürfen (meint der Richter).  aber ... m8 nix!",1.0
2248903,"Bereits der Vorgänger des Ministers zeichnete sich durch Dummheit und Unfähigkeit in allen Bereichen aus. Kam, wie auch Herr Scheuer, aus dem Land der Bajuwaren. Können die überhaupt, außer Starkbier, irgendetwas?!?! Dringende Empfehlung: den Zug anschaffen, der es seit vielen Jahren besser kann als das Produkt der Firma Siemens. Der TGV TRAIN à GRANDE VITESSE - von Paris bis Bordeaux PÜNKTLICH in 3 1/2 Stunden. Ein Test Zug erreichte 576 Km/h!!",1.0
2249279,Ich frage mich was für einen Gen Defekt haben die alle von der SPD,1.0
2249753,"Dieser "" Bubi"" weiß nix , hat nix,  kann nix , ist nix !  Einfach nur ein Heiohpei ! Erinnert mich irgendwie nur an die Augsburger Puppenkiste , dieses Individium .",1.0
2252463,Soviel zum Umweltschutz! Was wollen die eigentlich bei dem irren  Menschen mit der toten Katze auf dem Kopf?,1.0
2254445,"Nach diesem Auftritt von Greta haben hoffentlich auch ihre Mitläufer verstanden, dass sie einem krankhaften Mädchen aufgesessen sind.",1.0
2254939,Viel lesenswerter als ein Fachfremder Klimawandel-Leugner aus der Eifel: https://www.scientists4future.org/,1.0
2255763,"Komisch, der redet aber ein gebrochenes deutsch! Daher, abschieben!",1.0
2260523,Das passt alles zu einer Regierung in der nur Leute ohne Kopf und Gehirn tätig sind. Der Anführer heisst Merkel,1.0
2285123,"Ich frage: Hat D. Trump gegen seinen Willen masturbiert, oder ist das eine Ente?",1.0
2294027,"Na,RP ""REGIERUNGS PARTEI"" Zeitung ,wieder was gegen die AfD-Nazis gefunden???? Wie glücklich muß diese Zeitung sein,damit sie was zu schreiben hat.Aber irgendwann werdet IHR ""EUER BLATT"" auch für ""JUDASLOHN"" verkaufen. SCHÄMT EUCH!!!",1.0
2294507,"Die Toten Hosen –Kokser und Alkoholiker sind nicht in Limburg aufgetreten, schade. Es wäre sehr lustig, so auf der Bühne tanzen und in der Hand einen Kopf halten. ",1.0
2305887,Wahnsinnnn! Für so einen Sch..ß verbraucht ihr Druckerschwärze.,1.0
2307435,Rosenmontag verkleide ich mich wieder als Neger. Wie jedes Jahr. Freu mich schon drauf!,1.0
2311485,Meine erste E-Zigarette ist aus Vaprio und ich kann nur es empfehlen.  https://www.vaprio.de/produkt-aspire-skystar-210w-revvo-kit.html ,1.0
2311497,Beste E-liquid habe ich in Vaprio gekauft. Ich habe mit E-Zigaretten vor jahren angefangen und dampfe immer noch.  https://www.vaprio.de/produkt-frutie-50-50-pfirsich-.html,1.0
2312231,"Als Dampfer kann ich sagen, dass E-Zigaretten nicht so schädlich sind. Wenn sie eine gute Geschäft wie Vaprio finden, können sie sicher sein das ihre E-Zigarette und E-Liquid gute Qualität haben. ",1.0
2312233,"E-Zigaretten und E-Liquids sind natürlich nicht für Jügentliche. Ich kaufe alle meine dampf Sachen in Vaprio, grade dampfe ich Joyetech eGo AIO ECO. ",1.0
2314175,"Unglaublich, welche Aktivitäten eine unfähige Frau Doppelname auslöst, die zu dämlich ist, ihren Fernseher zu bedienen!",1.0
2337255,Merkel und die ganzen dummen Schwachköpfe sind für mich Betrüger und gehören alle für immer weggesperrt,1.0
2338007,Gibt es eine KM- Pauschale für Rentner  und Hausfrauen ?  Dieses Greta- Anhänger gehören in die Hölle. ,1.0
2359813,".... na ja, IQ von 75 müsste reichen.....d.h. zu blöd zum Bananenschälen",1.0
2366263,https://www.youtube.com/watch?v=xL-fY7a0yz0 ,1.0
2374771,"Sorry, aber diesem Vogel hat der Alkohol mit Sicherheit auch das letzte Stückchen Hirn (falls da je eines vorhanden war) weggefressen. Ich bin froh, dass wir diesen Idioten nicht mehr mit unseren Steuergeldern bezahlen müssen. Früher oder später wird der eine oder andere Brite feststellen, welchem Schwachkopf man gefolgt ist. ",1.0
2407287,So kennen wir die lieben Muslime.  1: Fordern 2: Klagen 3: Jammern  Aber selber mal etwas uneigennützig beitragen. Fehlanzeige!,1.0
2407615,"Mögen uns die Medien noch so viele Bilder von weinenden Kindern zeigen: Die größte Gruppe sind wohl junge Männer und darunter nicht wenige, die noch vor kurzer Zeit für die Idee des Gottesstaates gekämpft haben und sich nun im Angesicht der Niederlage davonmachen. Als sie das Gebiet beherrschten, haben sie nicht gezögert, ihre Gegner auf brutalste Weise umzubringen.",1.0
2407803,"Es scheint sich zu den Schwarzen da unten noch nicht herumgesprochen zu haben, dass Gewalt noch NIE zum Ziel führte. Naja, die leben ja auch noch im Mittelalter, das verzeiht deren Denken.",1.0
2411233,"""Ein Toter nach scharfen Schüssen an Grenze?"" Frau v. Storch und Alice kriegen sicher schon ein nasses Höschen. Darauf warten die beiden ""Damen"" doch schon sehnsüchtig.  aber ... m8 nix!",1.0
2412269,"Ich habe ein für (fast) jede Altersklasse geeignetes Video (28 Minuten) eingestellt, welches sich kritisch mit dem Coronavirus und dem Hype beschäftigt. Es klärt nicht nur sehr gut auf, sondern gibt noch diverse gute Tipps. Panik ist ein schlechter Ratgeber und wofür der Virus wirklich dienlich ist, schreibe ich dann demnächst an gleicher Stelle.  https://www.youtube.com/watch?v=AfbdJKMwrYs",1.0
2419467," Nutzen Sie unsere jahrelange Erfahrung, qualifizierten Mitarbeiter und fortschrittlichen Verfahren, um Ihren Mitarbeitern, Kunden und Gästen ein sauberes und gesundes Umfeld zu bieten. http://dachreinigung-hamburg.de/ ",1.0
2428997,"Diese Virologen sind ausgemachte Dumpfbacken, die gerne Panik betreiben und an langer Infekionszeit interessiert sind, das bringt ihnen Geld 1 !  ",1.0
2429591,"Wörter die ""rein zufällig"" auch mit ""L"" anfangen    lasch... laschi, Lusche, laaaaaaaaangsam, Looser...      ",1.0
2437523,Laschet halten sie die Klappe und machen sich vom Acker,1.0
2438147,Spinner.,1.0
2442699,"Der Boris, hat den IQ eines Tennisballs und will überall mitreden. Sowas bleibt uns nur erspart, wenn eine Besenkammer in der Nähe ist.",1.0
2458903,"einerseits Rücknahme der Massnahmen, andererseits orakeln, das alles noch lange dauert!  Wie dämlich sind Sie eigentlich Herr Luschet?  Sie sind unerträglich!",1.0
2472667,Haha ein Minister droht Die Gestalt ist Lächerlich genau wie sein Chef die Zwergfigur,1.0
2501493,Ja klar geht mal schön auf die Knie für diesen Afro-American Kriminellen. Ein Hoch auf die Medien und die Dummheit. ,1.0
2089895,Die Einkaufspaläste am Stadtrand werden sich freuen.,0.0
2041327,"Ist doch ganz einfach, die Kinder mit Masern nicht behandeln und Zuhause in Quarantäne nehmen. Eltern und Geschwister dürfen das Haus auch nicht verlassen und müssen dafür Urlaub nehmen. Diese Krankheit lässt sich mit einfachsten Mitteln verhindern.",0.0
2158151,und wenn in remscheid 10 oder 100 leute glauben das gleiche verstanden zu haben - gerade hier ist es trotzdem so wie bei der stillen post - ,0.0
2083673,"Werden oder können diese Spenden abgesetzt werden oder irgendwie gegen Gewinne gerechnet werden,wenn das so ist dann sollte man das schnellstens vergessen denn wenn diese Spenden gegen Gewinne gerechnet werden bezahlen doch alle Steuerzahler mit ",0.0
2253871,Falsch! Deine Kindheit haben Deine Eltern gestohlen liebe Greta! Du wirst nur Deiner Zukunft beraubt!;),0.0
1986269,Aus diesem Grunde ist die Forderung der AfD nach einer Veränderung der EU oder sogar einem Dexit zutreffend.,0.0
2185783,"Hut ab vor Mack Horton! ""Wellbrock ... will das Thema ausblenden"" Macht Mutti doch auch so, wenn sie die Chinesen hofiert...",0.0
2260615,"Letzte Woche wurde ein »normales« Paar getraut. Der Standesbeamte hatte versehentlich beide als Frau eingetragen! Ein Trauzeuge war wachsam und bemerkte den Lapsus. Die »Hochzeitsgesellschaft« (4 Personen) bewegte sich daraufhin ins Dienstzimmer des Beamten, wo der Fehler im Original behoben wurde.  Zum Glück war es an dem Tag die einzige Hochzeit, so das es nicht zu weiteren terminlichen Verzögerungen kam.   Armes Deutschland - wohin bist Du gekommen.",0.0
2122623,Man merkt der Europwahlkampf ist auf dem Höhepunkt.,0.0
2059427,"Frau Quadbeck, haben Sie mittlerweile erkannt, dass Frau Merkel nur dann Mitmenschlichkeit zeigt, wenn es ihr nützt? Noch 2012 hat die Regierung unter Merkel die Hilfe für die UNCHR weit herangesetzt. Dadurch konnten viele Flüchtlinge in Lagern weltweit nicht optimal versorgt werden. Obwohl die Versorgung im Libanon nur 39 Dollar kostet. War das human? Schauen Sie mal auf den Arbeitsmarkt.....Billiglohnjobs boomen.",0.0
2187321,"Was hat den Herr Aschenbroich oder seine Landwirtschaft-betreibenen Vorfahren gemacht , als es noch kein Glyphosat gab? Das wurden ""Unkräuter"" manuell per Hand oder Egge entfernt. Heute soll der Boden nicht mehr ""Aufgebrochen"" werden um Kleinstlebewesen zu schützen.  Da lachen ja die Hühner , Herr Aschenbroich.",0.0
2008275,"„Freilaufende Hunde war es auch, die im Wildpark Reuschenberg am Donnerstag drei Kängurus töteten“  Oh jeh, jetzt waren es schon mehrere.",0.0
2049081,Vielleicht mal in der Bedienungsanleitung schmökern?,0.0
2186065,"Komisch, in der Presse war von den einzelnen Taten so gut wie nichts zu lesen. Wenn täglich ein Hund getötet würde, wäre das sicher ein Dauerthema in der Presse.  Hat jemand eine Idee warum das so ist ?",0.0
2232923,Was dort im Zoo passiert ist macht mich fassungslos. Wie wenig Respekt diese Menschen haben ist tief traurig. Man kann eigentlich nur an alle anständigen appellieren nicht wegzuschauen und beherzt einzugreifen wenn sich jemand derart respektlos verhält damit solche Leute ein Hausverbot bekommen. ,0.0
2059157,"Dat wäre mit einem Schwarz-Weiß-Röhren-Gerät wohl nicht passiert! Aber die Vernetzung von Unterhaltungs- und Haushaltsgeräten wird uns in der Werbung ja als modern und ""vorteilhaft"" verkauft. Ehrlich gesagt, kein Mensch braucht ein vernetztes Haus! Wie das Wort schon sagt: im Netz ist man gefangen... ",0.0
2129823,Da dachte man 2015 es kann kaum schlimmer kommen... Und jetzt das. Frau Merkel was haben sie angerichtet. ,0.0
1936979,"Spotttoelpel.........Machen Sie doch einen auf ""Selbstversorger""! Warum soll ich das tun? Ich möchte doch nur das LKW Fahrer sich an recht und gesetzt halt. Wer mit einem Fahrzeug von über 40 Tonnen ohne sondergenehmigung macht tut das nicht und schädigt unsere Straßen und besonders die Brücken.",0.0
2130289,"Vielleicht nimmt Frau AKK sich ja ein Beispiel an Kollegin ""Ich-mache-mir-die-Welt-wie-sie-mir-gefällt""-Nahles und tritt aus eigenen Stücken auf Druck aus der Partei zurück...",0.0
2241415,"Es nervt nur noch, das jeder meint die Moral mit Löffeln gegessen zu haben und zu allem rumpöbeln zu müssen. Was anderes ist das doch nicht, fehlt nur noch die Nazikeule. ",0.0
2246003,"Schön,jetzt weiß ich wenigstens,wofür ich den ganzen Papierkram mit den Datenschutzverordnungen,der mir vor die Nase gelegt wurde,unterschrieben habe!!! Danke für NICHTS!!! Wenn ein Angestellter von mir dies zu verantworten hätte,hätte ich ihm nur einen Satz gesagt:danke für die Info,Kündigung ist raus!!!",0.0
2049731,"Na ja wenn Erdogan, den die BILD als Diktator bezeichnet, die Anschläge für seinen Wahlkampf instrumentalisiert könnte man vermuten das die Täter von ihm beauftragt und bezahlt worden sind. Diese Strategie ist alt und nicht unüblich auf eigene Leute schießen zu lassen und damit einen Freibrief der Moslems zu bekommen zurück zu schlagen und Rache zu nehmen.  Das sind zwar menschenverachtende Methoden aber passen zu solchen Politikern wie Präsident Erdogan. ",0.0
2158289,"Die üblichen  AfD-Fans versuchen hier mal wieder rechtsextremen Terrorismus zu verharmlosen.  Nach dem Mord an Lübcke sollte eigentlich auch dem Letzen klar sein, dass Wohungsdurchsuchungen nach Aufrufen und Ankündigungen von Gewalttaten im Internet vollkommen richtig sind.  Wieso sympathisieren die AfD-Fans derart mit den Tätern, dass sie die Durchsuchungen lächerlich machen wollen?",0.0
2050839,"Und noch so eine gremium gesetz mit hoch bezahlten nixnutzen.  Natuerlich auch ohne leute, die ahnung vom thema haben.",0.0
2182705,Wer ist dieser Rapper Farid Bang? Auch auf seiner Bordkarte standen doch deutlich die relevanten Zeiten ausgedruckt. Beim nächsten Mal ganz einfach nicht auf den letzten Drücker am Gate erscheinen...,0.0
1933321,Also gibt es eine einfache Lösung für Trump: Er leitet einfach die hochqualifizierten Migranten aus Honduras nach Kanda weiter.  Wahrscheinlich aber möchte Kanada solche Migranten auch nicht haben. Was nur einem Tasachenverdrehenden Michel nicht einleuchtet.,0.0
2018967,"Die Antwort Nr.19 beim Zebrastreifen ist falsch. Parkverbot gilt vor, auf und nach dem Zebrastreifen. Also ist Antwort C richtig !",0.0
1957803,"Schade, mit diesen Mietverträgen hätte ich das Gebäude auch gern gekauft.",0.0
2245745,Super aber das ganze gilt nicht für den 1800 PS Mann  und Dieselfahrer Eigentlich sollte der Zwerg ein Vorbild sein,0.0
2171515,"Mir fehlen mittlerweile die Worte für derartige Politiker.  Ich kann mir nur vorstellen, daß Seehofer und dieser Herr Müller alles tun, damit die AfD die nächsten Landtagswahlen auch sicher gewinnt und die beiden Herren nach der Wahl wieder sagen können : Wir haben verstanden !",0.0
2091109,"Die, die erwischt werden, die müssen einfach richtige Strafen bekommen. Schon allein das überschnelle Fahren braucht hohe Geldbußen (5000 Euro aufwärts), dazu Führerscheinentzug (1 Jahr aufwärts, auch gerne mit medizinisch-psycholog. Gutachten), auch die Enteignung sollte stets geprüft werden. Und so bald es Rennen sind müssen Haftstrafen her. ",0.0
2118817,ohh. diese pöse Borussia kauft die Konkurenz leer;) ,0.0
2398819,Toleranz hat Reus  sicherlich auch erwartet  bei dem Urteil für sein  unerlaubtes Fahren ohne Führerschein ....  ,0.0
2027359,"Wer 150 Meter mit dem Auto zum Zeitung oder Zigaretten holen fährt, der fliegt auch 150 km.  Schließlich muss ja die eigene Mobilität demonstriert werden! Auch wenn es irgendwann mit Gasmaske sein muss. Norbert Sinofzik, Rheinstadt Uerdingen",0.0
2155639,"Gute Idee Herr Spahn. Wir brauchen die jungen frischen Organe, nicht die Leber eines 80jährigen...... ",0.0
2031421,"Wie immer, sobald in RPO ein Artikel über die Oper in Düsseldorf erscheint, kommen Bildungsferne Schichten hervorgekrochen und kleffen los: ""Nischenprodukt"", ""Will keiner haben"", usw. Oper und Ballett muss nicht Jedermanns Geschmack sein, aber aus eigener Abneigung darauf  zu schliessen, das alle anderen Düsseldorfer Kunst und Kultur ebenfalls ablehnen zeigt doch wie einseitig diese Menschen gestrickt sind.",0.0
2051303,"Der Begriff ""Eilmeldung"" wird in letzter Zeit aber auch immer freizügiger von Euch benutzt, Liebe RP ...",0.0
2095713,"Wieso heisst es in den Medien stets ""rechtsextreme""  und die Gegendemonstranten sind eben nur die ""Linken"". Noch lange nicht vergessen bei mir,  die linken Schlägergruppen bei G20 und sonstigen Veranstaltungen.  Da ich nicht nur dir RP lese, bin ich zum Glück über den Tellerrand informiert. ",0.0
2250441,""" Wir haben früher Samstags demonstriert und nicht die Stadtverwaltung lahmgelegt ""  Da gibt es einen Unterschied, heute handelt es sich um betreutes demonstrieren.",0.0
2149065,"Das ist gut, dass sich der Städtetag sorgt sich nach Lübcke-Attentat um Kommunalpolitiker sorgt. Sind die von der AfD da mit eingeschlossen?",0.0
1917201,"Unfassbar! Ich hoffe, die alte Dame hat diesen Schock halbwegs überwunden und man findet die Täter schnell.",0.0
2209799,"Ja, Rücksichtnahme! Schauen Sie doch mal, wie das Gelände hinterlassen wurde. Ein Blick oder ein Klick genügt. Wen interessiert schon Weeze? Unglaublich toll war's wieder!  Den Schulbuchverlag-Pädagogen-Vergleich würde ich nicht im Ansatz so ziehen, aber jeder hat da einen anderen Blickwinkel, gell?",0.0
1933953,"...gut gelaunte Merkel! Ja, man ist gut gelaunt...kurz vor der Rente/Pension!!!",0.0
1928987,"Interessant, daß Erfrieren offenbar nicht als Sicherheitsrisiko betrachtet wird.   ",0.0
2006403,Ob im Schulministerium auch die Heizung abgeschaltet wird? ,0.0
1953733,"Wo ist die Studie über die qualifizierten Ü50, die sich nach unverschuldeter Arbeitslosigkeit als Billiglöhner verdingen müssen, weil sie am Arbeitsmarkt, trotz angeblichem Fachkräftemangel, kaum noch ein Bein auf die Erde bekommen ?",0.0
1919813,"Warum haben Sie diesen Blödsinn von mir veröffentlicht?""Trump ist super. Ich liebe ihn. Das ist ein toller Typ. Hoffentlich kriegt er eine zweite Amtszeit. Der macht super Sachen. Der ist sehr sympathisch. Der ist gut. Der macht alles für uns. Hoffentlich wissen die Leute das. Der kann auch mit Geld umgehen...."" Wie kann man so etwas zeigen?  und kritische Töne nicht? Trump ist ein menschliches NO-GO...",0.0
2137897,"Deutsche Wirtschaft muss sich auf härtere Zeiten einstellen?  Aber die Arbeiter werden das ausbaden müssen. Wenn es den ""Reichen"" nicht mehr gut geht sind die armen schon lange verhungert.  ",0.0
2065941,"Divus : Die Negativbeispiele von Eberl sind ja o.k., aber Eberl hat ja nicht nur scheiss gebaut. Die Frage ist, geht Eberl, wer kommt dann. Ich sehe am Managerhimmel keine Persönlichkeit der man eine bessere Leistung zutrauen könnte. Vielleicht wäre Effe der Richtige aber da hat die Riege um Königs sicher keinen Bock drauf - zu unbequem. Effe redet außerdem nicht so gewandt wie Eberl und das ist in gewissen Kreisen wichtiger als sinnvolle Entscheidungen.",0.0
2067349,"Bei den Briten scheint man es ja sehr genau mit den rechtlichen Aspekten des Aufenthalts zu nehmen.  Bei Merkels Gästen ist man in diesem Punkt von kaum zu überbietender Großzügigkeit. Aber wenn die Briten das aus vier Buchstaben bestehende Zauberwort aussprechen, wird man da mit Sicherheit auch erst mal sehr großzügig verfahren.  Meine Meinung dazu: Es ist einfach nur noch lächerlich!",0.0
1991601,"Ich wäre ja noch für eine Grundsteuer wenn ich wüsste daß das Geld der Bundeswehr zugute käme um mein Grundstück zu verteidigen.  Das scheint wohl nicht der Fall. Im Gegenteil. Ich muß mich noch selbst abschotten weil ziemlich viele ""düstere""Gestalten um mein Grundstück herumschleichen.",0.0
2207341,"Ja, genau. Deutschland ist nur von Räächstpopulisten umzingelt. Fakt ist, dass Deutschland in Europa nahezu isoliert ist. Aber solange die Medien noch regierungsfreundlich berichten, läuft es ja.",0.0
2118969,"Die Tendenz geht ja in Richtung russisches Vorbild, da wird an den Eingängen der Fabriktore der Arbeiter vom Vorarbeiter gefragt, was er wählt und wenn es die falsche Entscheidung ist, kann er sich gleich die Papiere holen. Die Demokratie geht manchmal seltsame Wege, von wegen frei,geheim,gleich und direkt, wird alles unterwandert.",0.0
2470905,"Wenn der Impfstoff dann da ist, hoffe ich doch sehr, dass die ganzen Corona-Hysteriker vornean stehen, um ihn für die Allgemeinheit zu testen. Wobei... wenn wir erstmal alle unter Androhung von Repressalien zwangsgeimpft werden, ist das eigentlich auch egal.",0.0
2250839,"2007 wurden die Ziele für 2020 festgelegt. 2011 kam der panische Atomausstieg von Merkel. Nun muss Merkel am 20.09.2019 feststellen, dass die Ziele 2020 nicht erreicht wurden. Woran das wohl gelegen hat?",0.0
1922879,"Wäre nix neues: je rechter, desto großzügiger vom Kapital hofiert. Witzig ist nur diesesmal die Richtung - die CDU-Granden mußten damals die schwarzen Koffer noch in die Gegenrichtung kutschieren.  ",0.0
2399697,"Unser tägliches AfD Bashing  gib uns  heute. Aber was will man vom Mainstrean noch anderes erwarten, wenn bei den ersten Prognosen zur HH Wahl  bei der ARD über das abschneiden der AfD gejubelt wird?  (Bericht im Merkur)  umso mehr freut es, dass die AfD ihre Wähler in HH trotz der medialen Hetze halten konnten. Da werden auch in Zukunft die Wagen vom Linken Tilly nichts dran ändern. Die Hetze nutzt sich irgendwann ab und langweilt nur noch. ",0.0
2016451,"Da spricht nichts dagegen: Da Fach- und Sachenntnisse für die Berücksichtigung für ein Amt in der Spitzenpolitik ohnehin keine Rolle spielen, kann man die Positionen auch nach beliebigen Kriterien vergeben.",0.0
1967791,"Zuerst war es die Trennung von Raucher und Nichtraucher, dann das totale Rauchverbot, jetzt der zu warme Sommer. Was kommt als nächstes?  Könnte es aber vielleicht sein, dass sich die Gastronomie- und Kneipengängergesellschaft geändert hat? Sich kein Betrieb drauf eingestellt hat und die Schuldigen jetzt bei den Gästen sucht? Warten wir mal 10 weitere Jahre ab, mal sehen wer dann was ""Schuld"" ist.  ",0.0
2148861,"Ganz einfach, das bestehende Halteverbot konsequent überwachen. Die Fahrzeuge an der nächsten Ecke aus dem Verkehr ziehen, Bußgelder kassieren und gaaaaanz wichtig!!!! eine eingehende Fahrzeugkontrolle sowie Halterabfrage, Fahrerüberprüfung inkl. Restalkohol / Drogenkontrolle. Muss pro Fahrzeug min. 5 Minuten dauern. Der Letzte ist halt erst Mittags dran. Das Ganze mehrere Tage hintereinander und in unregelmäßigen Abständen immer wieder.",0.0
2194857,"Na, da läuft doch bestimmt ein Versorgungsschiff nebenher, denn wo sollen auf einer Rennyacht, die schon mit 4 Personen besetzt ist, noch Lebensmittel und Trinkwasser für 14 Tage verstaut werden?!?",0.0
1997613,Wieso findet so ein Event unter der Woche statt??? Da tuen sich die Verantwortlichen kein Gefallen ,0.0
2028797,"Ja so macht man das wohl heutzutage. „Die Scheidung ist vor kurzem passiert“. Einfach so, wie man mal eben zum Bäcker geht oder sowas ähnliches. ",0.0
2138145,DANKE Frau Quadbeck für dieses tolle und NEUTRALE Statement,0.0
2116199,"Man sollte sich auch die Frage stellen, ob der Datenschutzbeauftragte stefan  brink nach seinen Äußerungen noch haltbar ist. Ein Politiker sollte immer so handeln, dass es nicht illegal ist.",0.0
2202389,noch ein Jahr DEl...kein Mensch braucht diesen Verein...,0.0
2161847,"Eine gezielte, bewußt geplante Provokation, vor allem gegen eine eindeutige, klare Gesetzeslage in Italien. Die Kapitänin wird die Konsequenzen für ihre Gesetzesverstöße tragen müssen.  Die kolportierten zehn Jahre sind da angemessen.",0.0
2043341,"Typischer Ruhrgebietsklüngel: Schalke bewahrt Dortmund davor, zum Gespött der Bundesliga zu werden.  ",0.0
2181527,Hehehe. Und Jahn Böhmermann tritt die Nachfolge von Kanzlerin Merkel an.  Narrhallamarsch. Wollen wir ihn reinlassen?,0.0
2176491,"Solche Vorschläge können auch nur von Figuren kommen, die nicht auf den Euro schauen müssen ...",0.0
1939761,"Herr Vollmer, sie sollten sich nicht über die CDU erheben. Denn auch sie umschreiben die Ehe für homosexuelle als Ehe für alle. Keinen Mut? Fürchtet man, dass die gesellschaftliche Akzeptanz vielleicht nicht so hoch wäre, würde man das Kind beim Namen nennen?",0.0
2193255,"Ich frage mich, ob es solche Vorkommnisse regelmäßig auch in ungarischen, polnischen oder tschechischen Bädern gibt. Ich glaube eher nicht. Woran mag das wohl liegen ? Da kann man nur sagen, glückliche Visegradstaaten. Dort gib es noch Regierungen, die ihre Verantwortung für ihr eigenes Volk ernst nehmen.",0.0
2150017,"Super, ich kauf' mir so kein E-Mobil. Wo soll ich laden? No E-Auto for Öko. Die Ökobilanz ist eh schlecht.",0.0
1993065,"Na hoffentlich kandidiert die Bundestagsabgeordnete zur OB. Wäre ein politischer Lichtblick im kommunalen Alltag. Erfolge hat sie in Düsseldorf im Übrigen reichlich. Ohne StraZi gäbe es z.B. den KöBogen nicht. Ideologiefrei - pragmatisch - gradlinig - ehrlich. Wer sie erlebt hat, weiss diese Eigenschaften an ihr zu schätzen. ",0.0
2056281,"Eine  ""Impfpflicht""  sollte für   ALLE  Säuglinge bzw. Kleinkinder  gelten !!!! - ",0.0
2122043,"Das ist aus meiner Sicht die größte Umweltzerstörung im Kreis Mettmann. Der Lärm des Steinbrechers ist werktags weit zu hören. Leider interessiert das so gut wie niemanden! Oetelshofen ist es gelungen, mit Ihren Veranstaltungen und der Berichterstattung  davon abzulenken, das hier unwiderbringlich Wälder zerstört werden und die Naturschützer lassen sich mit den Uhus besänftigen.   Ein ""Hambacher Forst""  in Gruiten  ",0.0
2166419,"""Das ist nicht das Versprechen, das den Bürgerinnen und Bürgern vor der Wahl gegeben wurde""  Hat das jemals irgendjemanden interessiert? Zum Beispiel den Herrn Müntefering?",0.0
1995265,"und somit wäre der ""Sportstadt D"" mal wieder genüge getan und alles ist ins rechte Lot gerückt. Vor ein paar Tagen rühmte man sich bei der Fortuna und verglich sich mit dem FCB, weil man 54 Siege in Folge erzielt hatte. Jetzt schlug die DEG unbarmherzig zurück. 4 Niederlagen in Folge, und der Sport in D ist wieder ausgeglichen. (lach)",0.0
2083377,"Der Eintritt in Notre Dame war kostenfrei,es sei denn ,man wollte die Schatzkammer besuchen.",0.0
2065519,"Und was machen die Eltern? Geld verdienen ist nicht das wichtigste im Leben. Es gibt andere Werte, die leider heute vergessen werden. Selbstverständlich soll die Kasse alles Erforderliche für eine Behandlung zahlen. Es gibt aber such hier irgendwo Grenzen. ",0.0
2241703,"Der VKU hat ihr schon ein fürstliches Gehalt bezahlt, offenbar reicht es ihr nicht. ",0.0
2237831,"Ich bin auch schockiert darüber, dass CDU-, SPD- und FDP-Politiker mit Nazis kooperieren. So etwas könnten man sich bei den Grünen nicht vorstellen. Höchste Zeit, dass Parteien wie NPD und AfD verboten werden!",0.0
2103155,Klar in den Vereinsfarben - aber in unseren. Das ist die Fortuna-Krawatte. Das nennt sich Diplomatie der Extraklasse!,0.0
2096519,"Wundert das jemanden ? Alte Bräuche, alte Sitten, alte realitätsfremde Männer...",0.0
1916493,Besser vollautomatisch fahrende Busse - da streikt dann kein Fahrer. Wie viel würden die Fahrgäste denn gerne extra zahlen?,0.0
2064663,"Die gelben Säcke sind generell keine gute Lösung. Auf unserer Straße gibt es u.a. deswegen ein Rattenproblem, weil die Säcke den Tieren natürlich leicht Zugang zum Inhalt erlauben. Abgesehen davon, dass besagte Säcke bei Wind gern durch die Gegend fliegen und ihren Inhalt verteilen. Vielleicht im Rahmen der Diskussion darüber nachdenken, nur noch gelbe Tonnen zu nutzen.",0.0
2020173,"Langsam aber sicher wird dieser unfähigste US-Präsiden aller Zeiten jeden Tag, an dem er noch im Amt ist, unerträglicher!! Nur um seinen nicht nachvollziehbaren, ja dummdreisten Willen zum Bau dieser verd..... Mauer durchzusetzen,  kündigt er sogar den Narionalen Notstand an. Warum steht eigentlich das amerikanische Volk und Senatoren und Parlamentarier nicht mal langsam auf und stellen einen offiziellen Antrag auf Amtsenthebung für diesen wirklich nicht mehr tragbaren ""Poltergeist""?  ",0.0
2115553,"Warum weint er ???? -   Meine Meinung =   mit so einer Rückrunde wird es sehr sehr schwer  . . . . . . . . . !!!! -   Ein, mal wieder, zurückgelassener  ""chaotischer Scherbenhaufen"" ,  bleibt ein  . . . . . . . . . !!!! -   Gute Reise. - ",0.0
2170881,"Gut zu wissen, dass für meine Kinder keine Schulpflicht mehr besteht.",0.0
2034743,"Sicher, Karneval, Fasching oder was auch immer ist meist flachster Schenkelklopfer- und Altherren-Humor, aber von einer Parteivorsitzenden sollte man doch erwarten können, einen kleinen Tacken über den mittleren Niveau zu bleiben. ",0.0
1929479,"So langsam habe ich den Eindruck, das viele sich sogar freuen würden, wenn in ganz Deutschland sich kein einziges Motorfahrzeug mehr bewegt. Über die Auswirkungen denken diese Experten natürlich nicht nach. Man möge mal überlegen, wie es in so einem Fall nur für Grundversorgung für ca. 80 Millio. Menschen aussieht.",0.0
1998899,Die Idee finde ichgar nicht so schlecht. “Deutschlands größter Billiglinienflughafen” wäre aber vielleicht passender.,0.0
2196625,Salvini schützt mit seiner Entscheidung seine und die deutsche Bevölkerung. Danke!,0.0
2173235,"Moin, ich selbst habe auch schon brenzlige Situationen in dem Kreisverkehr erlebt, mit PKW und Fahrrad, wichtig ist die gegenseitige Rücksichtnahme dann klappt es auch mit dem unfallfreien ;-) Verkehr.Autofahrer müssen nicht mit Tempo 50 da durch fliegen. ",0.0
2167001,"""So ist mittlerweile ein hoher einstelliger Betrag zusammen gekommen, etwa sieben bis acht Millionen Euro sind es."" Hab ich in Mathematik was verpasst, oder sind Millionen einstellig?",0.0
2090863,"Haha, zur Rechten Zeit liefert die Bertelsmann-Stiftung eine sog. 'Studie'. So ein Zufall aber auch. Die Frau Bundeskanzlerin von der CDU wird das freuen.  Der Begriff 'Studie' ist für mich auch zu einem Unwort geworden.  ",0.0
2096763,"Haha, es geht um Waffen, nur um Waffen und Wirtschaftsinteressen!  nicht in meinem namen!",0.0
2110821,Auch dieser vollversorgte und eingeschworene EU Befürworter  schafft weiteres Unbehagen in der Bevölkerung.  Und wenn solche Personen die Vorzüge anmahnen - wird manchem BRD Bürger der sich den Verlauf der letzten Jahrzehnte im EU Planspiel sowie Ergebnis vor Augen hält - Angst und Bange.  Die EU Wahl wird wahrscheinlich ein Donnerschlag für Europa.  ,0.0
2155169,Und diese Leuten bezahlen auch noch die selben Dauerkartenpreise  wie letzte Saison. Die nächste Dauerkartenkauf wird mir eine Überlegung werd sein und ich bin treuer Fortune seit 1961!!!!!!!     ,0.0
2016223,"Gab es vor einigen Wochen nicht die Schlagzeile, dass es zu viele Betten gäbe und Krankenhäuser ihre Kapazitäten abbauen sollten.  Völlig klar, wenn aus Heilhäuser Profitcenter gemacht werden, wenn Führungskräfte sechstellige Jahresgehälter bekommen, muss irgendwo gespart werden. Und da bieten sich das Personal und die Patienten an, um die Sparschraube noch enger zu ziehen. ",0.0
2169279,Wichtig ist auch die Berücksichtigung eines Radweges ERA 2010 konform,0.0
2009815,Seine Abwahl ist schon beschlossene Sache.,0.0
2246941,Und Danke Herr Bürgermeister und andere Verantwortliche für ihre Einstellung zur Natur und Umweltbelastung !,0.0
1928125,"Wer will sich schon mit""der Mannschaft ""identifizieren?",0.0
1984919,"alles in allem war guter fussball. Kompliment an die jungen spieler. selbstbewusst, spielsicher, alles was ein guter  fussballer braucht. wir brauchen keinen wendt, Johnson, lang und vielleicht traore. hoffentlich gibt Hecking den jungs auch eine Chance in der Rückrunde. das alles war sehenswert.",0.0
1979375,"Klar, wir haben es doch. Warum sollten sich Eltern um ihre Kinder kümmern? Geld und Selbstbestätigung sind wichtiger auf Kosten der Allgemeinheit",0.0
2198557,"In n-tv wir von 100 Mio. gesprochen. Einfach nur noch Irrsinn. Ich weiß, warum ich mich nicht mehr für Profi-Fußball interessiere. ",0.0
1954993,"Wenn man dem Bericht Glauben schenken will, könnte man meinen, dass NÜÜÜSS eine karnevalistische Hochburg ist. Stimmt leider nicht, Neuss kann Schützenfest, aber Karneval, gar Fasteleer a la Colonia?! Da müssen die noch viel üben. Wie sage schon Martin Luther:"" Und ob wir nicht bis morgen schaun, wir wollen hoffen und vertraun!!""",0.0
1940637,"Eine bodenlose Frechheit und die absolut falsche Richtung für den Umweltschutz. Wir sind 4 Personen und schöpfen selten das Maß der 35 l Tonne aus. Nun werden wir für unseren umweltbewussten Umgang mit Abfall bestraft. Ich werden künftig das nicht genutzte Volumen fotografieren und dann alle 14 Tage ein Foto an die mags senden, an die Presse .....und Politik. Wir werden wirklich entmündigt....leben wir wirklich in einer Demokratie? ",0.0
2225665,"Bis jetzt läuft alles, wie erwartet. Die neuen Spieler schlagen voll ein. Erst Thuram, jetzt Embolo und Lainer. Und Plea trifft nach genialer Freistoßidee. Alle machen alles richtig. Jetzt noch Bensebaini für Wendt und dann wird diecPost bald auch spielerisch abgehen. Weiter so. ",0.0
2249037,Man kann nur hoffen das die Wirtschaft diesem ganzen Affentheater langsam mal die kalte Schulter zeigt.  Erst dann werden die Verantwortlichen merken wie schmerzhaft ein Boomerang werden kann.,0.0
2008291,"Herr Gruhner; außerhab der Partei bisher  weder etwas geleistet noch    gearbeitet;   findet, der Groko fehle der Respekt gegenüber den Jungen; kann es aber nicht mal begründen. Damitysteht ihm der Weg bis zur Kanzlerschaft offen, wenn er auch mit noch dünner, unbedarfter,  und abwegiger argumetierenden  Kollegen wie P. Amthor darum zu kämpfen haben wird.",0.0
2246791,"Dass Motorräder dort nicht fahren dürfen, Taxis aber schon, ist auch so ein Unsinn. Wer von den beiden ist wohl umweltfreundlicher?",0.0
1912761,Das Wegwerfen von Müll aus Autofenstern ist in diesem Land leider nur ein Kaveliersdelikt. Die Autobahnausfahrten sehen deshalb teilweise aus wie die firmeneigene Mülldeponies von Schnellrestaurants.  ,0.0
2010021,"Tja, Herr Laschet, was sagen Sie dazu.  Jede Schulstunde betrifft im Schnitt wohl 25 Schüler. Das kritisiere ich und fordere Sie und die Landesregierung zum Handeln auf. ",0.0
2188619,"Millionen für externe Berater,   da fallen ein paar Peanuts,    mehr oder weniger, auch nicht groß auf !!!! - ",0.0
2063361,Einem anderen Nachrichtensender war heute nachmittag zu entnehmen: Hochzeitsgesellschaft blockiert AB 81 und filmt entstehenden Stau!,0.0
2083403,"Vor vielen Jahren war ich während eines hinduistischen Feiertages auf Bali, an dem das gesamte öffentliche Leben stillstand. Kein Lärm, kein Verkehr, keine Veranstaltungen. Für mich als Gast war es normal, sich an die Regeln zu halten. Sogar der sonst morgens um fünf nervende Muezin der benachbarten Moschee sang im Flüsterton. Auch wenn ich selbst Agnostiker bin, halte ich Toleranz und Rücksichtnahme für wichtig.",0.0
2210071,"Ticket 2000, wenn ich sehe wie Teile meiner Heimat verschwinden, dann hat das nichts mit grossen Ingenieursleistungen zu tun.  Fahren Sie mal nach Pesch, Immerath, Borschemich und Lützerath. ",0.0
2069489,dirtysantiago .....  jetzt heißt es schön lieb sein ......  Warum? Wer 500.000€ Gehälter für Spieler zahlen will braucht doch keine Alimentierung durch Rentner und Arbeiter.,0.0
1983757,Besser dort als im Hambacher Forst,0.0
2143133,Wenn ich diese Bilder sehe bin ich erschüttert. Zeitgleich stellen ich mir die Frage wer für den Schaden aufkommt und ob die Brandschutzbestimmungen in dem Unternehmen durch die zuständigen Behörden überwacht wurden. ,0.0
1943127,Skigebiet? Welch Begriff -  ist es nicht eine ökologisch sensible Mittel-Gebirgs-Landschaft? Schneekanonen? Liftanlagen? (Diesel-)Pistenraupen? Sollte man sich in der Natur nicht mit den Dingen beschäftigen die diese saisonal bietet?  ,0.0
2143129,"„Später spricht dann Wilhelm Wieben, er ist sich immer treu geblieben.“  Dieser Satz ist sehr zutreffend. Herr Wieben war ein in seinem Job ein Vollprofi und ein Mann mit Format und Stil, den es in der aktuellen Fernsehlandschaft fast gar nicht mehr gibt. Ingel Meysel freut sich bestimmt auf diesen niveauvollen Gesprächspartner. Möge er in Frieden ruhen.",0.0
2118777,"Die Dürre 2019 kommt. Endlich! Hatte schon die Befürchtung, daß die Weltuntergangs-Herbeischwörer - Pardon! Die ""Klimaforscher"" - sich evt. geirrt haben :D :D :D",0.0
1943769,Seehofer hat in der Asyldebatte mehr angestoßen als jeder andere Politiker. Das muss man schlichtweg festhalten!   Wären in der Union nicht derart viele Zauderer hätte man auch wirksame Maßnahmen durchbekommen.,0.0
2250593,Spielt die Borussia weiter so einen Graus dann hilft vielleicht Trainer Krauss.  Schlimmer geht's nimmer.,0.0
2241149,"Dennoch gilt es den dörflichen Charakter aufrechtzuerhalten. Bauhaus war vor 100 Jahren, die Höfe sind wesentlich älter. Warum müssen in Orten mit dörflichen Charakter, siehe Raderbroich oder Herrenshoff, plötzlich reihenweise dreistöckige Häuser inmitten von 1 1/2 geschossigen Häusern gebaut werden? Zumal diese  Mehrfamilienhäuser alle gleich aussehen und null Charakter im Ausssehen haben . Eben langweiliger Bauhausstil. Da macht es sich  die Stadt Korschenbroich sehr einfach. ",0.0
1934983,"Wenn ich hier sehe, wie viele hier meinen alles wäre gut, bestätigt das erneut, dass es um die Menschheit nicht schade ist, wenn sie sich möglichst schnell selbst ausrottet. Dumm - dümmer - Mensch.",0.0
2190397,"--> Tuxtom: ""ich würde wünschen, die EU tritt noch nach und schmeisst die Ende Oktober hochkant raus"" Es ist immer wieder erschreckend, wie leicht sich Menschen zum Hass auf Menschen aufstacheln lassen.",0.0
2105517,Hat er doch :-)),0.0
2216113,"Kleiner Nachsatz: Empfehle Kellermanns Artikel ""Cuisance ist Borussias Tarantino"" anlässlich der Saisonvorbereitung. Speziell für Claqueure.",0.0
2126253,"Bigottes Deutschland: Kippa-Tragen wird zur Bürgerpflicht, gleichzeitig soll das Kopftuch in öffentlichen Gebäuden und für Schülerinnen verboten werden. Wenn schon, dann religiöse Toleranz für alle Glaubensgemeinschaften!",0.0
2153149,"In einer demokratischen Arme darf demokratisch gewählt werden. Und wenn das Angebot der AfD nächer an den Wünschen und Bedürfnissen der denkenden Bürger ist, sieht das aus sicht der CDU nach einem Verlust aus. Die Demokratie hat diese Bürger nicht verloren.",0.0
2021507,"Gibt es in der SPD eigentlich noch Mitglieder, die, wie meine Gattin seit mehr als 40 Jahren Mitglied, noch schlicht rechnen können. Große Mathematik braucht es da nicht, um zu erkennen, dass das Vorhaben Grundrente nicht zu bezahlen ist. Wissen das a l l e Mitglieder der SPD??",0.0
2139917,"Was als nächstess kommt?  Eine Entscheidungshilfe zu zwei-, oder  gar dreilagigem Toilettenpaier vielleicht? Könnte ich auch anbieten, und zwar für 15€ je angebrochene 10 Minuten bei persönlicher Beratung vor Ort, zzgl. Reisespesen. Telefonisch für 12€ je angebrochene 10 Minuten. Hat jemand Bedarf?",0.0
2202573,Mich würden genauere Angaben zu dem Täter interessieren. Aber die bekommt mal wahrscheinlich nicht.,0.0
1979705,Ratingen und vor allem das benachbarte Umland leiden nicht gerade unter Obdachlosigkeit und Wohnberechtigungsscheine  werden von Politikern wie weisse Salbe verteilt. Pendler hat man wenn man versucht den Wohnbedarfsueberschwappeffekt aus Düsseldorf zu bedienen und Projekte wie Schwarzbachquartier foerdert. Ratingen hat zudem selbst ziemlich viele Auspendler die billig in Ratingen wohnen und weiterhin woanders arbeiten wollen...,0.0
2208969,Scholz hat schon beim G20 in HH versagt und wird auch den Soli nicht abschaffen ! Da sind wohl irgendwo Wahlen ?,0.0
1992773,"Die WHO ist die Werbeabteilung der chemischen Industrie. Unglaublich, was für Märchen den armen Leuten aufgeschwätzt werden. Wer sich gesund erhält wird mit einem funktionierenden Immunsystem belohnt und kann über angebliche Volkskrankheiten nur müde lächeln.   Wer sich statt dessen Antibiotika, Impfungen und sonstige Chemie genehmigt, muß sich über krasse Symptome nicht wundern. Schulmediziner, Lebensmittel- und Pharmakonzerne reiben sich gleichermaßen die Hände!",0.0
2008353,"Wie immer bei den ÖKs, Bevormunden und Ausbeuten von dehnen die Sie jahrelang überversorgt alimentieren müssen. Da helfen nur Wahlen und gute alternativen gegen diese idiologischen R2Gs. In NRW haben die Wähler das ja schon durchgeführt.",0.0
2094647,"Wir werden halt von Dilettanten regiert. Nachher heißt es dann als Ausrede immer, jetzt müsse man nach vorne schauen oder ""sowas wie 2015 darf uns nicht mehr passieren"" oder ""wir waren überlastet"". Kein Wunder, dass solche Leuten Berater von außen brauchen, in den Parteien gibts ja keine fähigen Leute mehr.",0.0
1992691,"Extra angemeldet, nur um mal Danke zu sagen. So viel Emphatie für einen armen Menschen, der mit seiner Sucht schon genug gestraft ist, wie sie hier viele zeigen, hätte ich nicht erwartet. Das gibt mir wirklich wieder ein wenig Hoffnung für die Menschheit zurück. Ein wirklich ernstgemeintes und aufrichtiges Danke euch allen.",0.0
2052887,"Fraglich ist schon was ein solches Handynutzungsverbot bewirken soll, denn schließlich können die Schüler diese App auch außerhalb der Schule bedienen und dies kann keiner verbieten. Sinnvoller wäre es mit den Schülern zu reden oder auch in Extremfällen gezielt dagegen vorzugehen. Das sollte dann möglicherweise mehr abschrecken als solche Rundumschläge. ",0.0
1979249,"Das ist schon o.k., dass man für das Parken etwas bezahlen muss, aber die Automaten sind nicht gut ausgeschildert. D.h. gerade jetzt in der dunklen Jahreszeit muss man kreuz und quer über den Platz laufen, um zu schauen, wo denn ein solcher Automat steht. Wäre prima, wenn man hier Abhilfe schaffen könnte. Ich bin nicht aus Meerbusch, musste also jetzt im Dunkeln die Dame von Ordnungsamt befragen. Da ist noch was zu tun, liebe Stadt Meerbusch, insbesondere, wenn keiner zum Fragen da ist. ",0.0
1961145,"► Mehrere Dutzend Brautpaare, die dort hatten feiern wollen, verloren nach der Schließung ihre Anzahlung.  Ich musste noch nie für solche oder ähnliche Veranstaltungen eine Anzahlung machen - da nutze ich lieber ein Lokal, das ich kenne und in dem ich bekannt bin.",0.0
1978769,"Sehr gut! Aber die Deutschen sterben trotzdem aus, wenn Paare nur 1-2 Kinder haben.",0.0
2075957,"Von seinen ganzen Rollen rückwärts muss Herrn Seehofer ja schon richtig schwindelig sein. Da trauert man einem Hans-Peter Friedrich schon richtig nach, wenn man sich seine Nachfolger vor Augen führt.",0.0
2115103,"Einen zwingend erforderlichen Rücktritt mit der Bewertung ""gezieltes politisches Attentat"" zu kommentieren, belegt den totalen Werteverlust rechts gesinnter Politiker.  Und die Alkoholisierung als Begründung für diesem strafbaren Korruptionsakt vorzuschieben, ist vergleichbar mit dem unsäglichen Verlangen nach ""verminderter Schuldfähigkeit"" von besoffenen fahrenden  Autofahrern , nachdem sie in diesem Zustand Menschen getötet haben.",0.0
1994709,3 cm Schnee - 300 km Stau,0.0
2249455,"""Böse Überraschung""? Eine dicke Betonplatte im Boden unter einem noch recht jungen Straßenteil, da sollte man annehmen dürfen, dass deren Existenz beim Bau der Anbindung an die Umgehungsstraße bekannt war und dokumentiert wurde. Eine dicke Platte aus Beton kann wohl kein uraltes Relikt sein, sollte einmal eine Funktion erfüllt haben und wird nicht unbemerkt in die Erde gekommen sein. ",0.0
1975603,"tja, wer noch mit Bargeld bezahlt muss halt warten - das geht in anderen Ländern schon lange ohne",0.0
2169815,"""Wie soll das gehen, wenn ich jeden Tag von Mettmann nach Duisburg zur Arbeit fahren muss“  Ganz einfach: Mit der Regiobahn zum Hbf Düsseldorf und von dort zum Beispiel mit der U79 nach Duisburg. VRR-Monatsticket 1000, Preisstufe C. Kostet unter 150 Euro. Zu diesem Preis lässt sich kein Kfz auf dieser Strecke betreiben (angenommen 20 Arbeitstage/Monat).  Autofahren muss noch viel teurer werden in Deutschland.",0.0
2086895,"In welchem Kriegsgebiet ist denn Heiko Maas derzeit im Einsatz? Und wie konnte er mit einer kaputten Maschine der Bundeswehr-Flugbereitschaft dorthin fliegen?   Der Begriff ""kämpfen"" in der Überschrift ist nicht nur reißerisch, sondern sprachlich total fehl am Platze. ",0.0
2208793,"Schade, ich hätte sie gerne als Verteidigungsministerin gesehen. Und singen kann sie ja auch mit der Truppe...",0.0
2038335,"Warum werden denn seit Jahrzehnten in Deutschland die Bahnhöfe den Graffitischmierern und Vandalen überlassen? Anstatt ständig auf der Bahn rumzuhacken, sollte die Redakteure mal den Mut fassen, und das asoziale Verhalten einiger Mitbürger und die Kosten für die Beseitigung der Schäden öffentlich anzuprangern. ",0.0
1963117,"Ach ja , die armen Mütter. Der Hausflur ist nun mal Rettungsweg.  Das ist immer wieder ein Problem., auch wenn es Single Mütter schwer haben mögen.  Auch Behinderte dürfen trotz ausweis nicht in der Feuerwehrzufahrt parken usw.... Ist nun mal so.   ",0.0
1957389,"Das einzig wirklich peinliche ist, wie die Altparteien und viele Medien verzweifelt versuchen der AFD etwas anzuhängen. Meist lösen sich die Vorwürfe in Luft auf, aber es wird immer weiter gemacht, nach dem Motto, wird schon etwas hängen bleiben. Erstens nervt das und zweitens fragt man sich, warum diese Panik? ",0.0
1963589,Es gibt auch die Möglichkeit das Gebäude an einen Moscheeverein zu veräußern. Diese Vereine treffen sich bisher in Hintehofräumen und mit der Kirche hätten Sie dann endlich einen würdigen Raum in dem man Allah verehren kann,0.0
2094817,"Diese üblen Bannerbeleidigungen in den Fankurven gegen Rangnick, RB Leipzig oder Hopp,Hoffenheim sind doch seit Jahren üblich und keiner macht was dagegen. So etwas ist unterste Schublade, ich jedenfalls gehe in kein Stadion, wo solche Leute sich ausleben dürfen.",0.0
2021899,"Journalismus aus der Ecke: lobhudelnder Gesinnungsmerkelianer denn: Das äußern von selbstverständlichen Standpunkten ist nun weiß Gott kein ""Trump die Stirn bieten"", sonder der Job für den sie gewählt und bezahlt wird. ",0.0
2206241,Pyro hat in keinem Stadion etwas zu suchen. Zu keinem Anlaß!,0.0
2240785,"Was wäre denn die nächste Kontrollstufe, Rauchen in der eigenen Wohnung sanktionieren? Vielleicht wird dann der Job des ""Blockwartes"" wieder neu belebt. Und warum kann man immer noch ohne Hemmungen in allen Medien für hochprozentigen Alkohol werben ? Gut, das ist ja kein Sucht- sondern ein Genußmittel, hab ich mir sagen lassen müssen.  Allein die Folgekosten im Strafbereich gehen in Richtung Unfaßbarkeit, interessiert aber keinen.",0.0
2186445,Genau. Und in der PL spielen nur Top Teams - ich lach mich schlapp. Helebas würde hier wahrscheinlich 2. Liga spielen. Da meinen die Jungs sie wären Stars weil sie viel Geld bekommen. Und genau das ist der Grund warum Spieler in die PL gehen. Vollkommen überhitzter Markt.   In der PL gibt es doch auch nur 5-6 Mannschaften wo Spieler wirklich hinwollen. Der Rest lockt Spieler nur über Geld.  Und - wen interessiert die Meinung von diesem Mittelklassespieler zu diesem Thema.,0.0
2225567,"Zickler hat richtig erkannt, der einfache Zuschauer übrigens auch, das Borussia in der letzten Saison Torschussgelegenheiten   nicht nutzte und den Ball zum nächstfreien Mitspieler spielten als aufs Tor zu schiessen. So gesehen macht der Trainerwechsel Sinn. Es  war doch leider unter Hecking so, Hinrunde stark, Rückrunde schwach. Wenn unter Rose mal ein starker Endspurt uns Fans erfreuen würde brennt die Seele noch mehr.",0.0
2228375,"Wer nimmt seinen teuersten Schmuck nicht mal mit zur Arbeit?   Mich interessiert wirklich nicht, wer da beklaut wurde (natürlich könnte ich den Kader von 96 jetzt nach 29-jährigen durchforsten). Insofern ist es okay, dass der Name nicht genannt wird. Dass über die Uhr aber keinerlei Informationen herausgegeben werden, macht die Meldung eigentlich unnütz. Nicht weil ich neugierig bin, sondern um die Bevölkerung zu sensibilisieren, falls das Ding irgendwo angeboten wird. ",0.0
1952677,"Wenn jetzt unsere Gesetzgebung noch festschreiben will, wie ein Vogelhäuschen auszusehen hat und wo es aufgestellt werden darf oder nicht, sind wir weit genug gekommen. Der gute Tischlermeister hat nur den Stift für den Anflug des Piepmatzes unter dem ""roten Auge"" vergessen. (Kann man aber noch nachbsteln, oder?)",0.0
2256057,Der Alternative Nobelpreis hat damit auch keinen Wert mehr.,0.0
2218733," ""Acatenango"" So nannten wir einen Kumpel vom Bolzplatz. Eigentlich heißt er Andreas...aber mein Gott, konnte der Rennen.  Wenn Ernst Huberty am Anfang der Sportschau gelächelt hat, wusste man der FC Köln hatte gewonnen.",0.0
2104697,"Zur Vervollständigung des Kreises der Sucht-Sponsoren fehlt jetzt nur noch eine Zigarettenmarke.  Es gab definitiv Zeiten, als Sport noch für deutlich andere Werte stand...",0.0
2156187,"Viel interessanter als der vermutliche Verstoß gegen das Parteiengesetz ist einmal mehr, wer die AFD finanziert. Es ist doch rührend, wie sich all die Millionäre um die ""Partei der kleinen Leute"" sorgen!  ",0.0
2056895,Gibt wichtigeres auf der Welt.   Jedoch gibt es in zukunft immer weniger Jobs bei dem man um 8 Uhr irgendwo sein muss. Die Arbeitgeber werden sich dem schon anpassen müssen. ,0.0
1915581,Für mich ist das kein Kofferraum. ,0.0
2046815,"Wer könnte es den Schülern verdenken, dass Sie sich für die Bewahrung ihrer Zukunft einsetzen?  Eigentlich sollten auch ihre Eltern an den Demos teilnehmen.",0.0
2067161,"Klimawandel könnte Bierpreis verdoppeln, oder halbieren!     Tatsächlich ist nämlich der Ernte-Ertrag in den letzten Jahrzehnten gewachsen, weit mehr als VERDOPPELT! ",0.0
2007883,"Dass das BKA fruehestens erst 2022 eine diesbezuegliche Statistik (wahrscheinlich) vorlegen ""darf"", ist doch von oben gewollt, oder!? Vor diesem Hintergrund muss auch die Frage gestellt werden duerfen, ob Messerangriffe und (terroristische) Angriffe durch KFZ erst seit 2015 in den Vordergrund gerueckt sind!",0.0
1969153,"In Frankreich würden die Bürger den Müll vors Rathsus kippen. Ich hege eine gewisse Sympathie für ein Zeichen, das den Verantwortlichen im hahaha „Oberzentrum“ MG einmal deutlich die Meinung geigt. ",0.0
2241833,Ist doch ganz einfach. Den Aufzug nur mit Zimmerkarte aktivieren. Das ist üblich und auch für die Hotelgäste sicherer.,0.0
1974035,Da hat Moenchengladbach mal eine grosse Anzahl von ortsansaessigen Logistikunternehmen und nun sowas! Also komplizierter wenn es auch einfacher gewesen waere!,0.0
1933489,"Wenn man das Bild im Bericht ansieht, dann muss man eigentlich ""nur"" abwarten bis diese ""Aktivisten"", für mich sind das Rechtsbrecher, weiter Baumhäuser bauen. Dann ist der Wald auch irgendwann weg.  ",0.0
2047301,"51.650 € wo ist der Mengenrabatt  42.000 €  ist genug  für die Kiste Die Verbrecher haben 400 PS  AUDIS A8 und AMG 6,3 Liter Mercedes  Der Ford Trecker reicht da nicht !",0.0
2001553,"Naja es ist wie es ist. Man sollte Flori eine Chance geben und nicht immer auf den gleichen ""eiteifeln"" rumhacken. Bis Weihnachten fliesst noch genug Wasser den Rhein hinab. Wenn er nicht liefert, ist seine Rolle eh passe´.",0.0
2204879,Wird das Unkraut wieder nur von oben gezupft?!,0.0
1944097,"Häh, Tempolimit???  Die Frachter fahren gerade 'mal mit 30 kn. Der Rhein hat schon 11kn. Wenn die Schiffe viel langsamer fahren, werden sie manövrierunfähig.  Was soll den das für ein Tempolimit werden?  Ich glaube, da hat jemand keine Ahnung ...",0.0
2334747,Die Wölfe breiten sich aus. Die Schafe können sich nicht schützen.,0.0
2198233,"Volle Zustimmung. Der Diskurs ist nicht mehr gefragt. Wenn wir da der Vorstellungskraft freien Lauf lassen und uns ausmalen wie in 50 Jahren kommuniziert wird, dann sehen wir als einziges Stilmittel nur die verbale Steinzeitkeule. Einen kleinen Trost wird es geben, als Erbe des werbefinanzierten Fernsehens. Alle zwei Sätze werden wir in ein dämliches Lachen verfallen. Blöd aber glücklich. Glück auf.",0.0
2256731,"Einfach: warum lassen wir nicht einfach Alle unsere Haustierchen (welche von unseren Steuern ""leben"") immer mal eine Woche die Folgen von Ihren Bauchentscheidungen erleben! In diesem Fall: eine Woche Obdachlos sein!",0.0
1988907,"Es ist kein neues Phänomen, dass Zinsen unter der Inflationsrate liegen. In der ""guten alten Zeit"" vor dem Euro waren die negativen Realzinsen bisweilen deutlich höher. Es fiel nur nicht so auf, weil 6 bis 7 Prozent Zinsen auf dem Kontoauszug immer nett aussehen, auch wenn die Inflation deutlich über 10 Prozent liegt.   Es hat noch nie einen Anspruch auf positive Realzinsen gegeben.",0.0
2256907,"Hier müssen die Gesetze so geändert werden,dass solche Verbrecher aus Deutschland für immer ausgewiesen werden!!!",0.0
2045857,Die Frage die sich mir stellt. Warum sehen sich denn scheinbar immer mehr Menschen vom Islam bedroht? ,0.0
1956285,"Ich hoffe mal das die AfD nicht, aus lauter Freude über das Versagen der herrschenden Parteienkaste, zu Spenden für die anderen Parteien aufruft. Dann müßten die Etablierten immer erst prüfen ob sie das Geld annehmen oder nicht, es könnte ja noch aus Hitlers Bunker stammen.",0.0
2210421,"Die Täter sollten lebenslang weggesperrt werden, nur so lernen das die Nachfolger.",0.0
2231387,"So eine ausführliche Recherche wie bei diesem Nicht-Thema würde ich mir bei vielen anderen Themen auch wünschen...  Und damit meine ich nicht Artikel über den Bachelor, das Dschungelcamp oder frauensuchende Bauern.",0.0
2035355,Gibt es auch Merkel und Göring-E. mit Heiligenschein?,0.0
2207861,"Eine neu formierte Mannschaft braucht halt seine Einspielzeit.  Da kann es hier und da schon mal ein bischen holpern, schließlich ist der SV Sandhausen ja nun auch keine Schießbude.  ",0.0
2117439,Was der Strache-Skandal fuer die AfD bedeutet: 78 Kommentare! Berliner Jusos rufen mit Baseballschlaeger zur Wahl auf: 10 Kommentare!  Finde den Unterschied? ,0.0
2009329,"Ein nackter Busen ist für Facebook vollkommen unakzeptabel. Aber brutale Videos aus dem arabischen Raum wo Tiere unter dem Vorwand des religösen Schächtens bestialisch getötet werden, dürfen gezeigt werden.  Unverständlich!",0.0
2184681,"Danke Christian Albustin! Ich konnte die immer gleichen dämlichen Hetz Kommentare echt nicht mehr sehen! Die Kritiker der FFF reagieren in meinen Augen wie ertappte Kinder, die Hand noch in der Keksdose! Erst mal an die eigene Nase packen und dann fragen wer dieses Klima erbt! ",0.0
2051865,"Ihr Parlament handle „völlig verantwortungslos”, schimpft er?  Lieber Herr Schulz, auch die deutschen Parlamente und besonders die von Ihnen persönlich geprägte EU Bürokratie ist völlig  verantwortungslos.   Das werden die leistungsfähigen Bürger und Steuerzahler bei der EU Wahl und den kommenden Wahlen auch zeigen. ",0.0
2158697,Die Saat der AfD geht auf. ,0.0
1991487,"In meinen Augen hat der Rektor der ISD gut verhandelt. Jeder verkauft sich so gut, wie er kann. Offensichtlich sind für die Eltern dieser Schuldkinder (19.000 Euro Schulgeld jährlich) solche Gehälter nicht ungewöhnlich, sonst wäre der Rektor mit seiner Forderung nicht durchgekommen.  Unfair finde ich, dass diese Schule noch staatlich gefördert wird. Wenn schon Privatschule, dann soll sie auch vollkommen privat geführt werden. ",0.0
2209373,"Einen großen Dank an die Zeugen. Da unsere unfähige Justiz seit Jahren versagt und Umweltverbrecher systematisch laufen lässt, ist Zivilcourage die letzte Hoffnung. ",0.0
2131081,DAS BESTE UM EIN LAHMES SPIEL AUFZUPEPPEN.... DANKE! ICH BETEILIGE MICH GERN AN DER GELDSTRAFE. ,0.0
2139585,"Ausgerechnet die  ""Wendehälse-Gruppierung"" !!!! -  Wie war es denn  ""drüben""  vor der  ""Wende"" ???? -   Aber egal,  versagt hat die,  von  den Auto-Industrie-Lobbyisten geimpfte, Politik !!!! -   Für diese  falsche Klima-Politik  werden wir  ALLE   richtig  ""bezahlen""  müssen !!!! - ",0.0
2052531,Deutsche sind Menschen. Europaeer sind Menschen. Auch Nazis sind (leider) Menschen!,0.0
2251607,"""MASZ"" ist eine sehr gute Kandidatin, die wirklich weiß, wie Düsseldorf tickt - im Gegensatz zu dem Zugereisten. Wenn sie jetzt noch so konsequent wäre, noch vor Jahresende ihr MdB-Mandat aufzugeben, um sich wieder zu 100% der Kommunalpolitik zu widmen, dann täte auch die CDU sehr gut daran, erst gar keinen eigenen OB-Kandidaten aufzustellen, sondern MASZ ab heute so voll uns ganz zu unterstützen, als wäre sie eine aus den CDU-Reihen. Glück auf, ""Stracki""!",0.0
2200875,"Ich finde es interessant, mal so viele BAnkster demonstrieren zu sehen. Offenbar können die das auch, spannend. ",0.0
2013621,"""Bundesministerin"" adé.  Paßt.",0.0
2152537,"Einfach nur eine klasse Entscheidung reifer Menschen. Sie brauchen keine mit mit teuren, doch letztendlich hohlen Äußerlichkeiten aufgebrezelte Reife. Das sollte Schule machen :-). Dabei darf es ruhig auch ein gutes Essen sein ...  Der Namensträger der Schule scheint nicht nur ""Titel"", sondern auch Programm zu sein. Norbert Sinofzik, Rheinstadt Uerdingen",0.0
1920027,"Viele assoziieren mit veganer Ernährung vor allem Verzicht. Ärzte weisen aber darauf hin, dass Veganer keineswegs kränkliche Genussverweigerer sind, sondern gesünder leben als der Durchschnitt. Diese Form der Ernährung könne vor Diabetes, Bluthochdruck und sogar Krebs schützen. ",0.0
2161057,"Das zeigt mir mal wieder, wenn selbst jemand aus der Parteispitze der Grünen nicht einmal in der Lage ist, an angesagter Stelle den Mund zu halten, dass die Grünen noch lange nicht Teif sind für eine Regierungspartei. ",0.0
2197379,"Mehr Sozialarbeiter, mehr Polizei, mehr Security. Aber die Ursache des Problems wird nicht angegangen. Zum Teil darf man die Ursache gar nicht benennen, weil man sonst in die rechte Ecke gestellt wird oder Kommentare nicht veröffentlicht werden.",0.0
